PMID,QID,Question,Answer,Evidence,EvidenceLocation,Rationale,json_status
37920909,1,Does the paper report HIV sequences from patient samples?,Yes,"“After RNA extraction, an in-house genotyping method and standard Sanger sequencing were used to amplify and sequence HIV-1 integrase genes, as described previously.” “Of 629 newly reported cases, the HIV-1 integrase genes of 601 cases were sequenced successfully.”",main_text,The methods and results on pages 1–2 explicitly report newly generated HIV-1 integrase sequences from clinical samples.,strict
37920909,2,Does the paper report in vitro drug susceptibility data?,No,"“We used the Stanford University HIV Drug Resistance Database (HIVDB Algorithm version 9.4.1) to examine mutations.” “Sequences with resistance levels classified as low, intermediate, and high were all regarded as resistant.”",main_text,"Resistance classifications were inferred from genotypes, not measured with an in vitro assay. Table 1 reports these inferred classifications; susceptibility fold changes in the discussion are attributed to previous publications.",strict
37920909,3,Were sequences from the paper made publicly available?,No,,not_found,The supplied article contains no public sequence-deposition statement or accession numbers. The linked supplementary table is not included in the supplied PDF.,strict
37920909,4,What were the GenBank accession numbers for sequenced HIV isolates?,Not reported,,not_found,No accession numbers are provided in the supplied PDF.,strict
37920909,5,How many individuals had samples obtained for HIV sequencing?,601,"“The current study recruited 629 ART-naïve individuals from Tianjin Second People’s Hospital between January 1, 2020, and April 1, 2023.” “Of 629 newly reported cases, the HIV-1 integrase genes of 601 cases were sequenced successfully.”",main_text,"Count the 601 individuals with successful sequencing, rather than all 629 recruited individuals.",strict
37920909,6,From which countries were the sequenced samples obtained?,China,"“This study evaluated the prevalence of INSTI-associated drug resistance among ART-naïve individuals infected with HIV-1 in Tianjin, China.” “The current study recruited 629 ART-naïve individuals from Tianjin Second People’s Hospital between January 1, 2020, and April 1, 2023.”",main_text,"Participants were recruited and sampled in Tianjin, China.",strict
37920909,7,From what years were the sequenced samples obtained?,2020–2023,"“The current study recruited 629 ART-naïve individuals from Tianjin Second People’s Hospital between January 1, 2020, and April 1, 2023.” “Before initiating ART, 5 mL of blood was collected from the participants.”",main_text,Baseline samples correspond to recruitment during 2020–2023. The sample years in Table 1 on page 2 also span 2020–2023.,strict
37920909,8,Were samples cloned prior to sequencing?,Not applicable,"“After RNA extraction, an in-house genotyping method and standard Sanger sequencing were used to amplify and sequence HIV-1 integrase genes, as described previously.” “We used the Stanford University HIV Drug Resistance Database (HIVDB Algorithm version 9.4.1) to examine mutations.”",main_text,"The study reports clinical sequencing but no in vitro susceptibility data, so this question is not applicable under the specified rule.",strict
37920909,9,Which HIV genes were reported to have been sequenced?,IN,"“After RNA extraction, an in-house genotyping method and standard Sanger sequencing were used to amplify and sequence HIV-1 integrase genes, as described previously.” “Of 629 newly reported cases, the HIV-1 integrase genes of 601 cases were sequenced successfully.”",main_text,Integrase was the reported sequencing target.,strict
37920909,10,What method was used for sequencing?,Sanger sequencing,"“After RNA extraction, an in-house genotyping method and standard Sanger sequencing were used to amplify and sequence HIV-1 integrase genes, as described previously.” “Of 629 newly reported cases, the HIV-1 integrase genes of 601 cases were sequenced successfully.”",main_text,The methods explicitly identify standard Sanger sequencing.,strict
37920909,11,What type of samples were sequenced?,Plasma,"“Before initiating ART, 5 mL of blood was collected from the participants.” “After RNA extraction, an in-house genotyping method and standard Sanger sequencing were used to amplify and sequence HIV-1 integrase genes, as described previously.” “Of 629 newly reported cases, the HIV-1 integrase genes of 601 cases were sequenced successfully.”",main_text,Plasma is inferred under the rule for samples from newly diagnosed individuals undergoing baseline RNA genotyping. The paper specifies blood collection but does not explicitly identify the blood fraction used for RNA extraction.,strict
37920909,12,Were any sequences obtained from individuals with virological failure on a treatment regimen?,No,"“The current study recruited 629 ART-naïve individuals from Tianjin Second People’s Hospital between January 1, 2020, and April 1, 2023.” “Before initiating ART, 5 mL of blood was collected from the participants.”",main_text,"All participants were ART-naïve and sampled before treatment, not during virological failure.",strict
37920909,13,Were the patients in the study in a clinical trial?,No,"“This study evaluated the prevalence of INSTI-associated drug resistance among ART-naïve individuals infected with HIV-1 in Tianjin, China.” “Baseline clinical and demographic data were obtained from the NFATP database, including sex, age, transmission route, CD4 count, and viral load.”",main_text,"This was an observational pretreatment resistance study. No intervention assignment, randomization, trial phase, or other clinical-trial participation is described.",strict
37920909,14,Does the paper report HIV sequences from individuals who had previously received ARV drugs?,No,"“The current study recruited 629 ART-naïve individuals from Tianjin Second People’s Hospital between January 1, 2020, and April 1, 2023.” “Before initiating ART, 5 mL of blood was collected from the participants.”",main_text,Sequences were obtained exclusively from ART-naïve individuals before treatment initiation; eligibility also required no prior antiviral treatment.,strict
37920909,15,Which drug classes were received by individuals in the study before sample sequencing?,None,"“The current study recruited 629 ART-naïve individuals from Tianjin Second People’s Hospital between January 1, 2020, and April 1, 2023.” “Before initiating ART, 5 mL of blood was collected from the participants.”",main_text,All sequenced individuals were treatment-naïve. Drug classes discussed as background treatment options or assessed for resistance do not establish prior exposure.,strict
37920909,16,Which drugs were received by individuals in the study before sample sequencing?,None,"“The current study recruited 629 ART-naïve individuals from Tianjin Second People’s Hospital between January 1, 2020, and April 1, 2023.” “Before initiating ART, 5 mL of blood was collected from the participants.”",main_text,No prior ARV use occurred in the sequenced population. Drugs mentioned in the background and resistance results were not reported as prior treatment for these participants.,strict
37515146,1,Does the paper report HIV sequences from patient samples?,Yes,"“Genotypic resistance testing was carried out in the pol gene (reverse transcriptase and protease regions) as follows.” “A total of 391 participants were recruited, with sequencing successfully carried out in 379 individual participant samples, giving a genotyping success rate of 96.9%.”",main_text,Sections 2.5 and 3.1 report HIV genotyping performed on clinical samples and successful sequencing for 379 participants.,strict
37515146,2,Does the paper report in vitro drug susceptibility data?,No,"“The predictive efficacies of each antiretroviral molecule were calculated according to the genotypic drug susceptibility score provided according to HIVdb algorithm (http://www.hivdb.stanford.edu, accessed on 24 May 2023).” “Analysis of resistance mutations, in particular the determination of viral susceptibility scores for each antiretroviral molecule, made it possible to compare the effectiveness of two standard first-line protocols.”",main_text,"Section 2.6 and the Discussion describe genotype-based predictions, not in vitro phenotypic susceptibility measurements. No drug susceptibility assay or IC50/EC50 data are reported.",strict
37515146,3,Were sequences from the paper made publicly available?,Yes,"“Sequence data are available on GenBank under the accession numbers GenBank MK702015-MK702057, MK867695-MK867757, and MK995397-MK995457.” “A total of 391 participants were recruited, with sequencing successfully carried out in 379 individual participant samples, giving a genotyping success rate of 96.9%.”",main_text,The Data Availability Statement on page 11 explicitly provides GenBank accession ranges for the study's sequence data.,strict
37515146,4,What were the GenBank accession numbers for sequenced HIV isolates?,MK702015–MK702057; MK867695–MK867757; MK995397–MK995457,"“Sequence data are available on GenBank under the accession numbers GenBank MK702015-MK702057, MK867695-MK867757, and MK995397-MK995457.” “A total of 391 participants were recruited, with sequencing successfully carried out in 379 individual participant samples, giving a genotyping success rate of 96.9%.”",main_text,These are all three accession ranges listed in the Data Availability Statement on page 11.,strict
37515146,5,How many individuals had samples obtained for HIV sequencing?,379,"“A total of 391 participants were recruited, with sequencing successfully carried out in 379 individual participant samples, giving a genotyping success rate of 96.9%.” “The 379 participants with successful sequencing data were from eight regions distributed as follows: 53 (14%) from the Center, 40 (10.6%) for the Far North, 46 (12.1%) for the East, 41 (10.8%) for the Littoral, 44 (11.6%) for the North, 61 (16.1%) for the Northwest, 49 (12.9%) for the West and 45 (11.9%) for the Southwest.”",main_text,Section 3.1 identifies 379 successfully sequenced individuals. The 12 recruited participants without successful sequencing are excluded.,strict
37515146,6,From which countries were the sequenced samples obtained?,Cameroon,"“The enrollment of participants was carried out in health facilities of eight regions of Cameroon: Centre, Littoral, East, West, Northwest, Southwest, North, and Far North.” “In each region, patients were recruited in both urban and rural sites at the hospitals with the highest patient frequency.”",main_text,Section 2.1 places all recruitment and sample-collection sites in Cameroon.,strict
37515146,7,From what years were the sequenced samples obtained?,2014–2019,"“We carried out a cross-sectional and analytical study for five years, from December 2014 to June 2019.” “Patients presenting for ART initiation at the various recruitment sites were encountered by the recruitment clinician.” “For each participant, 10 mL of venous blood was collected in an EDTA tube.”",main_text,Sections 2.1 and 2.3 describe baseline sample collection during the December 2014–June 2019 study period.,strict
37515146,8,Were samples cloned prior to sequencing?,Not applicable,"“Genotypic resistance testing was carried out in the pol gene (reverse transcriptase and protease regions) as follows.” “The predictive efficacies of each antiretroviral molecule were calculated according to the genotypic drug susceptibility score provided according to HIVdb algorithm (http://www.hivdb.stanford.edu, accessed on 24 May 2023).”",main_text,"The study reports clinical HIV sequences but no in vitro susceptibility data, so the question is not applicable under the specified rule.",strict
37515146,9,Which HIV genes were reported to have been sequenced?,"PR, RT","“Genotypic resistance testing was carried out in the pol gene (reverse transcriptase and protease regions) as follows.” “Regarding DTG efficacy, during the same study period, we reported a prevalence of 0% resistance to DTG in ART naïve patients, inferring 100% predictive efficacy of DTG [17].”",main_text,Section 2.5 explicitly identifies PR and RT as the sequenced regions. The DTG resistance finding comes from a separate cited study and does not establish new IN sequencing in this paper.,strict
37515146,10,What method was used for sequencing?,Sanger sequencing,"“The products of the sequencing reaction obtained were purified by exclusion chromatography on SEPHADEX G50 resin and then sequenced using a genetic analyzer (ABI 3500®).” “Thus, the real prevalence of resistance would be better evaluated if we had a high-throughput sequencing technique (1% detection threshold), a platform unavailable in our context.”",main_text,The ABI 3500 genetic analyzer described in Section 2.5 indicates Sanger sequencing. The Discussion also states that high-throughput sequencing was unavailable.,strict
37515146,11,What type of samples were sequenced?,Plasma,"“Viral RNA was extracted from 1 mL of plasma using the QIAGEN kit, following the manufacturer’s instructions.” “The tubes were centrifuged at a speed of 1800 rpm, separated for plasma collection, plasma aliquoted (1 mL) in cryotubes, stored at −20 °C, and transported to the CIRCB, where biological analyzes were carried out.”",main_text,Sections 2.3 and 2.5 explicitly describe plasma preparation and extraction of plasma viral RNA for genotyping.,strict
37515146,12,Were any sequences obtained from individuals with virological failure on a treatment regimen?,No,"“Included in our study were HIV-1 infected patients aged above 19 years (adults per WHO definitions) with no prior history of ART treatment.” “Not included in our study were patients who were re-initiating ART, those whose samples were unsuccessful at sequencing, and those who were co-infected with either viral hepatitis B or C.”",main_text,Section 2.2 restricts the sequenced population to ART-naïve adults initiating treatment and excludes those restarting ART. No samples from treatment failure are reported.,strict
37515146,13,Were the patients in the study in a clinical trial?,No,"“We carried out a cross-sectional and analytical study for five years, from December 2014 to June 2019.” “The study participants consisted of adult patients initiating ART in the health facilities of regions previously cited.”",main_text,"Section 2.1 identifies an observational cross-sectional study, with no experimental treatment allocation or clinical-trial participation reported.",strict
37515146,14,Does the paper report HIV sequences from individuals who had previously received ARV drugs?,No,“Included in our study were HIV-1 infected patients aged above 19 years (adults per WHO definitions) with no prior history of ART treatment.” “Data collection was carried out using a pre-established data abstraction form at each site after obtaining a thorough medical history and clinical examination to minimize recruitment of participants with previous drug exposure.”,main_text,Sections 2.2 and 2.3 describe an ART-naïve population screened to minimize previous ARV exposure. No previously ARV-exposed sequenced group is reported.,strict
37515146,15,Which drug classes were received by individuals in the study before sample sequencing?,None,"“Included in our study were HIV-1 infected patients aged above 19 years (adults per WHO definitions) with no prior history of ART treatment.” “Not included in our study were patients who were re-initiating ART, those whose samples were unsuccessful at sequencing, and those who were co-infected with either viral hepatitis B or C.”",main_text,All reported sequences are from ART-naïve participants. Drug classes discussed for resistance interpretation and treatment recommendations do not represent prior exposure in these individuals.,strict
37515146,16,Which drugs were received by individuals in the study before sample sequencing?,None,“Included in our study were HIV-1 infected patients aged above 19 years (adults per WHO definitions) with no prior history of ART treatment.” “Data collection was carried out using a pre-established data abstraction form at each site after obtaining a thorough medical history and clinical examination to minimize recruitment of participants with previous drug exposure.”,main_text,"The sequenced participants were ART-naïve. Named drugs such as tenofovir, lamivudine, efavirenz, and dolutegravir were discussed as potential treatment options, not as drugs received before sequencing.",strict
40938120,1,Does the paper report HIV sequences from patient samples?,Yes,"""HIV-1 RNA was extracted from plasma samples using the High Pure Viral RNA Kit (Roche, Germany)."" ""PCR products were confirmed by agarose gel electrophoresis, and positive amplicons were sequenced by Sangon Biotech (Shanghai, China) using the Applied Biosystems 3730XL Genetic Analyzer.""",main_text,The laboratory methods on page 12 describe generation of new HIV sequences from participants' plasma samples.,strict
40938120,2,Does the paper report in vitro drug susceptibility data?,No,"""DRMs and PDR were performed using the Genotypic Resistance Interpretation tool provided by the Stanford University HIV Drug Resistance Database (version 8.9; https://hivdb.stanford.edu)."" ""Based on the genotypic susceptibility scores, PDR was classified as high-level (score >60), intermediate-level (30–59), or low-level (15–29).""",main_text,Resistance was inferred computationally from genotypes (page 13). No phenotypic susceptibility assays or experimentally measured susceptibility values are reported.,strict
40938120,3,Were sequences from the paper made publicly available?,Yes,"""HIV-1 sequence data generated in this study have been deposited in GenBank and are available under accession numbers PX133190–PX134237."" ""After applying quality control criteria, 1,048 sequences were included in the final analysis (Fig. 1).""",main_text,The Data Availability statement on page 14 explicitly confirms public deposition of the newly generated sequences.,strict
40938120,4,What were the GenBank accession numbers for sequenced HIV isolates?,PX133190–PX134237,"""HIV-1 sequence data generated in this study have been deposited in GenBank and are available under accession numbers PX133190–PX134237."" ""After applying quality control criteria, 1,048 sequences were included in the final analysis (Fig. 1).""",main_text,"Page 14 provides this accession range for the study sequences; the range contains 1,048 accessions.",strict
40938120,5,How many individuals had samples obtained for HIV sequencing?,1048,"""In this study, we enrolled 1,260 newly diagnosed HIV-infected individuals."" ""Among them, 1,159 pol gene sequences were successfully amplified."" ""After applying quality control criteria, 1,048 sequences were included in the final analysis (Fig. 1).""",main_text,"Count the 1,048 participants with retained sequence data, not all enrolled participants or amplified samples. Figure 1 on page 3 and Table 1 on page 4 also identify the analyzed population as 1,048.",strict
40938120,6,From which countries were the sequenced samples obtained?,China,"""This study assessed the prevalence, associated factors, and transmission networks of PDR among newly diagnosed, ART-naïve individuals in Guangxi, China, from 2019 to 2022."" ""A cross-sectional survey using a convenience sampling method was conducted across the nine counties and districts of Nanning City, Guangxi Province, from 1 January 2019 to 31 December 2022.""",main_text,"The abstract and study setting identify recruitment and sample collection in Nanning, Guangxi, China.",strict
40938120,7,From what years were the sequenced samples obtained?,2019–2022,"""A cross-sectional survey using a convenience sampling method was conducted across the nine counties and districts of Nanning City, Guangxi Province, from 1 January 2019 to 31 December 2022."" ""Venous blood samples (10 mL) were collected from each participant.""",main_text,Samples were collected during the 2019–2022 recruitment surveys described on page 12. Table 1 also lists diagnosis years spanning 2019–2022.,strict
40938120,8,Were samples cloned prior to sequencing?,Not applicable,"""PCR products were confirmed by agarose gel electrophoresis, and positive amplicons were sequenced by Sangon Biotech (Shanghai, China) using the Applied Biosystems 3730XL Genetic Analyzer."" ""Based on the genotypic susceptibility scores, PDR was classified as high-level (score >60), intermediate-level (30–59), or low-level (15–29).""",main_text,The paper reports clinical sequencing but no in vitro susceptibility data; the question's applicability rule therefore requires Not applicable.,strict
40938120,9,Which HIV genes were reported to have been sequenced?,"PR, RT","""An in-house RT nested PCR was used to amplify a 1,061 bp fragment of the pol gene, covering the full-length protease (PR, 99 codons) and the first 299 codons of the RT gene."" ""PCR products were confirmed by agarose gel electrophoresis, and positive amplicons were sequenced by Sangon Biotech (Shanghai, China) using the Applied Biosystems 3730XL Genetic Analyzer.""",main_text,Page 12 specifies PR and RT as the sequenced regions of pol; no other HIV gene targets were sequenced.,strict
40938120,10,What method was used for sequencing?,Sanger sequencing,"""PCR products were confirmed by agarose gel electrophoresis, and positive amplicons were sequenced by Sangon Biotech (Shanghai, China) using the Applied Biosystems 3730XL Genetic Analyzer."" ""Raw chromatogram data were assembled and cleaned using Sequencher 5.4.6.""",main_text,The Applied Biosystems 3730XL instrument and chromatogram-based processing reported on page 12 identify Sanger sequencing.,strict
40938120,11,What type of samples were sequenced?,Plasma,"""Plasma was separated by centrifugation and stored in aliquots at −80°C for further analysis."" ""HIV-1 RNA was extracted from plasma samples using the High Pure Viral RNA Kit (Roche, Germany).""",main_text,The methods on page 12 explicitly identify plasma as the source of HIV RNA used for sequencing.,strict
40938120,12,Were any sequences obtained from individuals with virological failure on a treatment regimen?,No,"""The participant inclusion criteria were as follows: (i) aged 18 years or older; (ii) newly diagnosed with HIV and ART naive; (iii) residence in Nanning for more than three months before diagnosis; and (iv) ability to provide verbal and written informed consent in Mandarin."" ""Third, although all participants were newly diagnosed and ART-naïve, we were unable to verify whether any had previously used antiretroviral drugs for non-HIV indications.""",main_text,"All sequenced participants were newly diagnosed and ART-naïve. Discussion of treatment failure concerns background transmission mechanisms, not a sequenced treatment-failure group.",strict
40938120,13,Were the patients in the study in a clinical trial?,No,"""A cross-sectional survey using a convenience sampling method was conducted across the nine counties and districts of Nanning City, Guangxi Province, from 1 January 2019 to 31 December 2022."" ""During each survey period, staff at the recruitment sites recruited individuals newly diagnosed with HIV.""",main_text,"This was an observational cross-sectional survey, with no treatment assignment or other indication of clinical-trial participation.",strict
40938120,14,Does the paper report HIV sequences from individuals who had previously received ARV drugs?,No,"""The participant inclusion criteria were as follows: (i) aged 18 years or older; (ii) newly diagnosed with HIV and ART naive; (iii) residence in Nanning for more than three months before diagnosis; and (iv) ability to provide verbal and written informed consent in Mandarin."" ""Third, although all participants were newly diagnosed and ART-naïve, we were unable to verify whether any had previously used antiretroviral drugs for non-HIV indications.""",main_text,All participants were reported as ART-naïve. Possible prior use for non-HIV indications was unverified and does not establish any documented ARV-experienced participants.,strict
40938120,15,Which drug classes were received by individuals in the study before sample sequencing?,None,"""The participant inclusion criteria were as follows: (i) aged 18 years or older; (ii) newly diagnosed with HIV and ART naive; (iii) residence in Nanning for more than three months before diagnosis; and (iv) ability to provide verbal and written informed consent in Mandarin."" ""DRMs were classified based on their ability to confer resistance to nucleoside RT inhibitors (NRTIs), NNRTIs, and protease inhibitors (PIs).""",main_text,"Participants were ART-naïve. The drug classes listed in the resistance analysis are prediction targets, not documented prior treatments.",strict
40938120,16,Which drugs were received by individuals in the study before sample sequencing?,None,"""The participant inclusion criteria were as follows: (i) aged 18 years or older; (ii) newly diagnosed with HIV and ART naive; (iii) residence in Nanning for more than three months before diagnosis; and (iv) ability to provide verbal and written informed consent in Mandarin."" ""Third, although all participants were newly diagnosed and ART-naïve, we were unable to verify whether any had previously used antiretroviral drugs for non-HIV indications.""",main_text,"No specific prior ARV exposure was documented among the ART-naïve participants. Drugs named elsewhere were assessed for predicted resistance or discussed as treatment options, not reported as drugs received before sequencing.",strict
40839365,1,Does the paper report HIV sequences from patient samples?,Yes,"“Enrolled PLHIV submitted plasma samples for VL testing and those with VL ≥1000 copies/mL (confirmed virologic failure) underwent genotypic HIVDR testing.” “Among 213 participants with confirmed virologic failure, 212 samples were successfully genotyped for protease, reverse transcriptase, and integrase.”",main_text,The abstract on page 1 explicitly reports newly generated HIV genotypes from participants' clinical plasma samples.,strict
40839365,2,Does the paper report in vitro drug susceptibility data?,No,"“Samples with VL ≥1000 copies/mL underwent genotypic analysis.” “Finally, drug resistance scores in the protease (spanning 6–99 codons), reverse transcriptase (spanning 1–251 codons), and the integrase (spanning 1–288 codons) regions were calculated by the Stanford University HIV Drug Resistance Database (version 9.4) (https://hivdb.stanford.edu/hivdb/by-sequences/).”",main_text,"Laboratory Procedures on pages 2–3 describe genotyping and computational resistance interpretation, not phenotypic susceptibility assays. The resistance categories in Figure 2 are genotype-derived; no in vitro susceptibility measurements are reported.",strict
40839365,3,Were sequences from the paper made publicly available?,No,,not_found,"The supplied seven-page article contains no public sequence deposition statement, repository accession numbers, or raw-read availability statement.",strict
40839365,4,What were the GenBank accession numbers for sequenced HIV isolates?,Not reported,,not_found,"No accession numbers for the study sequences appear in the supplied article, tables, or figures.",strict
40839365,5,How many individuals had samples obtained for HIV sequencing?,212,"“Out of the remaining 20.6% (213/1035) who had confirmed virologic failure (VL ≥1000copies/mL after completing IAC) and whose samples underwent genotyping, 99.5% (212/213) were genotyped with an amplification rate of 95.8% (204/212) for protease, reverse transcriptase, and integrase (PR, RT, and IN) regions and with a 100% sequencing success rate for integrase strand transfer inhibitor (INSTI) region.” “Considering the risk of virologic failure with persisting LLV, we also genotyped the samples of the LLV cohort; their drug resistance profiles will be reported separately.”",main_text,"Genotyping Results on page 3 and Figure 1 on page 4 establish 212 successfully genotyped individuals, including 204 with all three regions. Exclude the failed sample and the low-level-viremia cohort whose results will be reported separately.",strict
40839365,6,From which countries were the sequenced samples obtained?,Malawi,"“A cross-sectional design was used to assess drug resistance among adult PLHIV with virologic nonsuppression in Malawi between July 2022 and February 2023.” “From the 25 highest volume ART clinics in Malawi, 18 were selected using simple random sampling.”",main_text,The Methods on page 2 identify Malawi as the country of participant recruitment and sample collection.,strict
40839365,7,From what years were the sequenced samples obtained?,2022–2023,“A cross-sectional design was used to assess drug resistance among adult PLHIV with virologic nonsuppression in Malawi between July 2022 and February 2023.” “A 5-mL whole venous blood sample was obtained from consenting participants for an additional VL and HIVDR testing.”,main_text,"The survey and associated sample collection occurred from July 2022 through February 2023, as described in Methods on page 2.",strict
40839365,8,Were samples cloned prior to sequencing?,Not applicable,“Samples with VL ≥1000 copies/mL underwent genotypic analysis.” “Sanger sequence electropherograms were analyzed by using RECall (v2.32)—Web-based sequence analysis software (https://recall.bccfe.ca/account/login).”,main_text,"The study reports clinical sequencing but no in vitro susceptibility data, so the question is not applicable under the specified rule.",strict
40839365,9,Which HIV genes were reported to have been sequenced?,"PR, RT, IN","“HIV RNA was extracted using NUCLISENS easyMAG (BioMérieux) from 200 μL of plasma, with 10 μL of extracted RNA; gene fragments of protease and reverse transcriptase and integrase were amplified and sequenced using HIV-1 Genotyping kit with Integrase and the 3500XL Genetic Analyzers (Applied Biosystems).” “Finally, drug resistance scores in the protease (spanning 6–99 codons), reverse transcriptase (spanning 1–251 codons), and the integrase (spanning 1–288 codons) regions were calculated by the Stanford University HIV Drug Resistance Database (version 9.4) (https://hivdb.stanford.edu/hivdb/by-sequences/).”",main_text,"Laboratory Procedures on page 3 explicitly identify protease, reverse transcriptase, and integrase as the sequenced regions.",strict
40839365,10,What method was used for sequencing?,Sanger sequencing,"“HIV RNA was extracted using NUCLISENS easyMAG (BioMérieux) from 200 μL of plasma, with 10 μL of extracted RNA; gene fragments of protease and reverse transcriptase and integrase were amplified and sequenced using HIV-1 Genotyping kit with Integrase and the 3500XL Genetic Analyzers (Applied Biosystems).” “Sanger sequence electropherograms were analyzed by using RECall (v2.32)—Web-based sequence analysis software (https://recall.bccfe.ca/account/login).”",main_text,Laboratory Procedures on page 3 explicitly state Sanger sequencing and identify the Applied Biosystems instrument.,strict
40839365,11,What type of samples were sequenced?,Plasma,"“Enrolled PLHIV submitted plasma samples for VL testing and those with VL ≥1000 copies/mL (confirmed virologic failure) underwent genotypic HIVDR testing.” “HIV RNA was extracted using NUCLISENS easyMAG (BioMérieux) from 200 μL of plasma, with 10 μL of extracted RNA; gene fragments of protease and reverse transcriptase and integrase were amplified and sequenced using HIV-1 Genotyping kit with Integrase and the 3500XL Genetic Analyzers (Applied Biosystems).”",main_text,"The abstract and Laboratory Procedures specify plasma-derived viral RNA. Whole blood was collected initially, but plasma was separated before RNA extraction.",strict
40839365,12,Were any sequences obtained from individuals with virological failure on a treatment regimen?,Yes,"“Eligible participants were PLHIV aged 15 years or older, on a DBR for at least 9 months, latest VL was ≥1000copies/mL, and had completed at least 1 session of IAC per national guidelines.” “Among 213 participants with confirmed virologic failure, 212 samples were successfully genotyped for protease, reverse transcriptase, and integrase.”",main_text,The sequenced participants had confirmed virological failure while receiving dolutegravir-based ART.,strict
40839365,13,Were the patients in the study in a clinical trial?,No,"“A cross-sectional design was used to assess drug resistance among adult PLHIV with virologic nonsuppression in Malawi between July 2022 and February 2023.” “From the 25 highest volume ART clinics in Malawi, 18 were selected using simple random sampling.”",main_text,"This was an observational national cross-sectional survey. Random selection of clinics was a sampling procedure, not randomization to treatment.",strict
40839365,14,Does the paper report HIV sequences from individuals who had previously received ARV drugs?,Yes,"“Eligible participants were PLHIV aged 15 years or older, on a DBR for at least 9 months, latest VL was ≥1000copies/mL, and had completed at least 1 session of IAC per national guidelines.” “Among 213 participants with confirmed virologic failure, 212 samples were successfully genotyped for protease, reverse transcriptase, and integrase.”",main_text,All sequenced participants had received dolutegravir-based ART for at least nine months before sampling. Table 1 additionally reports a mean ART duration of 7.7 years among the 212 participants with confirmed failure.,strict
40839365,15,Which drug classes were received by individuals in the study before sample sequencing?,INSTIs,"“Dolutegravir (DTG)-based regimens (DBR) are now the most dispensed antiretroviral therapy (ART) for people living with HIV (PLHIV) in Sub-Saharan Africa.” “Eligible participants were PLHIV aged 15 years or older, on a DBR for at least 9 months, latest VL was ≥1000copies/mL, and had completed at least 1 session of IAC per national guidelines.”",main_text,Dolutegravir establishes INSTI exposure. The article does not specify the companion drugs or prior regimen classes for the sequenced participants; resistance assessed against other classes does not establish receipt of those classes.,strict
40839365,16,Which drugs were received by individuals in the study before sample sequencing?,Dolutegravir (DTG),"“Dolutegravir (DTG)-based regimens (DBR) are now the most dispensed antiretroviral therapy (ART) for people living with HIV (PLHIV) in Sub-Saharan Africa.” “Eligible participants were PLHIV aged 15 years or older, on a DBR for at least 9 months, latest VL was ≥1000copies/mL, and had completed at least 1 session of IAC per national guidelines.”",main_text,"Dolutegravir is explicitly documented as received before sequencing. Other drugs appear in background discussions, resistance predictions, or cited studies, but are not identified as drugs received by the sequenced participants.",strict
37872202,1,Does the paper report HIV sequences from patient samples?,No,“Mutations were introduced individually or in combination into the different Env expressors using the QuikChange II XL site-directed mutagenesis protocol (Stratagene).” “The presence of the desired mutations was determined by automated DNA sequencing.”,main_text,"Methods, Plasmids (page 11), describes sequencing to verify engineered Env plasmids, not newly generated sequences from clinical samples. The study uses previously described Env constructs and laboratory-generated mutants.",strict
37872202,2,Does the paper report in vitro drug susceptibility data?,Yes,“Cf2Th-CD4/CCR5 cells were infected with single-round luciferase-expressing HIV-1 pseudoparticles.” “The neutralization half-maximal inhibitory concentration (IC50) represents the amount of temsavir needed to inhibit 50% of the infection of Cf2Th-CD4/CCR5 cells by recombinant luciferase-expressing HIV-1 bearing the indicated Env.”,main_text,The viral neutralization assay (page 11) measures temsavir susceptibility of recombinant viruses bearing wild-type or mutant Env. Figures 1 and 2 (pages 3–5) report dose-response curves and IC50 values.,strict
37872202,3,Were sequences from the paper made publicly available?,No,"“Cryo-EM reconstructions and atomic models generated during this study are deposited in the Protein Data Bank (PDB) and the Electron Microscopy Data Bank (EMDB) under the following accession codes: PDB: 8DOK, 8G6U, 8CZZ, and 8TTW and EMDB: EMD-27596, EMD-29783, EMD-27103 and EMD-41613.” “Source data are provided with this paper.”",main_text,"Data availability (page 12) reports structural-model and electron-microscopy deposits, not newly generated HIV sequence or raw-read deposits in a sequence repository.",strict
37872202,4,What were the GenBank accession numbers for sequenced HIV isolates?,Not reported,"“Cryo-EM reconstructions and atomic models generated during this study are deposited in the Protein Data Bank (PDB) and the Electron Microscopy Data Bank (EMDB) under the following accession codes: PDB: 8DOK, 8G6U, 8CZZ, and 8TTW and EMDB: EMD-27596, EMD-29783, EMD-27103 and EMD-41613.” “Structural data collection, refinement statistics and codes for deposited structures are provided in the Supplementary Information (Table S1) and Source data for Figs. 1, 2 and S1 are provided with this paper.”",main_text,The accession codes in Data availability (page 12) identify structures and cryo-EM reconstructions. No GenBank or other sequence-repository accession numbers for sequenced HIV isolates are supplied.,strict
37872202,5,How many individuals had samples obtained for HIV sequencing?,0,"“In order to understand the molecular basis of the observed cooperativity between the Phe43 cavity and the LM residues for temsavir binding, we introduced the LMHS modifications into the previously described CRF01_AE T/F100 SOSIP.664 trimer.” “This Env was derived from a transmitted/founder CRF01_AE strain isolated from participant 40100 of the RV217 Early Capture HIV Cohort Study conducted in Thailand.”",main_text,"The participant-derived Env mentioned on page 2 is a previously described construct, not a newly sequenced clinical sample. No individuals contributed newly reported clinical sequence data in this paper.",strict
37872202,6,From which countries were the sequenced samples obtained?,Not applicable,"“In order to understand the molecular basis of the observed cooperativity between the Phe43 cavity and the LM residues for temsavir binding, we introduced the LMHS modifications into the previously described CRF01_AE T/F100 SOSIP.664 trimer.” “This Env was derived from a transmitted/founder CRF01_AE strain isolated from participant 40100 of the RV217 Early Capture HIV Cohort Study conducted in Thailand.”",main_text,"Thailand is the historical origin of a previously published Env construct (page 2). This study does not report new clinical-sample HIV sequencing, so the country question is not applicable.",strict
37872202,7,From what years were the sequenced samples obtained?,Not applicable,“Mutations were introduced individually or in combination into the different Env expressors using the QuikChange II XL site-directed mutagenesis protocol (Stratagene).” “The presence of the desired mutations was determined by automated DNA sequencing.”,main_text,The sequencing described in Methods (page 11) verifies engineered plasmids rather than clinical samples. Clinical sample-collection years are therefore not applicable.,strict
37872202,8,Were samples cloned prior to sequencing?,Not applicable,“Mutations were introduced individually or in combination into the different Env expressors using the QuikChange II XL site-directed mutagenesis protocol (Stratagene).” “The presence of the desired mutations was determined by automated DNA sequencing.”,main_text,"Although engineered constructs were sequenced (page 11), the paper does not report HIV sequences newly obtained from patient samples. The question's clinical-sequence prerequisite is not met.",strict
37872202,9,Which HIV genes were reported to have been sequenced?,Env,“Mutations were introduced individually or in combination into the different Env expressors using the QuikChange II XL site-directed mutagenesis protocol (Stratagene).” “The presence of the desired mutations was determined by automated DNA sequencing.”,main_text,"Methods, Plasmids (page 11), identifies Env expression constructs as the targets of sequence verification. This is construct sequencing, not clinical-sample sequencing.",strict
37872202,10,What method was used for sequencing?,Not reported,“Mutations were introduced individually or in combination into the different Env expressors using the QuikChange II XL site-directed mutagenesis protocol (Stratagene).” “The presence of the desired mutations was determined by automated DNA sequencing.”,main_text,"The paper specifies only automated DNA sequencing (page 11), without identifying Sanger chemistry, a sequencing instrument, or an NGS platform. The mutagenesis protocol does not establish the sequencing method.",strict
37872202,11,What type of samples were sequenced?,Not applicable,“Mutations were introduced individually or in combination into the different Env expressors using the QuikChange II XL site-directed mutagenesis protocol (Stratagene).” “The presence of the desired mutations was determined by automated DNA sequencing.”,main_text,"Sequence verification was performed on laboratory-engineered Env constructs (page 11), not plasma, PBMCs, or other clinical specimens. No patient-sample HIV sequences are reported.",strict
37872202,12,Were any sequences obtained from individuals with virological failure on a treatment regimen?,Not applicable,“Mutations were introduced individually or in combination into the different Env expressors using the QuikChange II XL site-directed mutagenesis protocol (Stratagene).” “The presence of the desired mutations was determined by automated DNA sequencing.”,main_text,"The reported sequencing concerns engineered constructs (page 11), not samples from individuals with HIV. Virological-failure status is therefore not applicable.",strict
37872202,13,Were the patients in the study in a clinical trial?,No,“A detailed structure-function analysis using engineered viruses and soluble trimer variants reveals that the molecular basis of resistance is mediated by crosstalk between His375 and the inner domain layers.” “Cf2Th-CD4/CCR5 cells were infected with single-round luciferase-expressing HIV-1 pseudoparticles.”,main_text,"The abstract (page 1) and assay methods (page 11) describe laboratory structural and functional experiments, not a clinical trial with enrolled patients. References to clinical trials elsewhere concern prior studies.",strict
37872202,14,Does the paper report HIV sequences from individuals who had previously received ARV drugs?,No,“Mutations were introduced individually or in combination into the different Env expressors using the QuikChange II XL site-directed mutagenesis protocol (Stratagene).” “The presence of the desired mutations was determined by automated DNA sequencing.”,main_text,"Only engineered-construct sequence verification is described (page 11). Because the paper does not report new HIV sequences from individuals, it does not report sequences from ARV-experienced individuals.",strict
37872202,15,Which drug classes were received by individuals in the study before sample sequencing?,None,"“The HIV-1 attachment inhibitor temsavir (BMS-626529) was purchased from APExBIO.” “The compound was dissolved in dimethyl sulfoxide (DMSO) at a stock concentration of 10 mM, aliquoted, and stored at −80 °C until further use.”",main_text,"The drug exposure described in Methods (page 11) is laboratory use of temsavir, not treatment of sequenced individuals. With no newly reported patient-derived HIV sequences, the required answer is None.",strict
37872202,16,Which drugs were received by individuals in the study before sample sequencing?,None,"“The HIV-1 attachment inhibitor temsavir (BMS-626529) was purchased from APExBIO.” “The compound was dissolved in dimethyl sulfoxide (DMSO) at a stock concentration of 10 mM, aliquoted, and stored at −80 °C until further use.”",main_text,"Temsavir was an experimental reagent (page 11), not a documented pre-sequencing treatment of study participants. The paper reports no new patient-sample HIV sequencing, so no qualifying prior drugs are recorded.",strict
41112839,1,Does the paper report HIV sequences from patient samples?,Yes,"“A total of 237 samples from different patients were analyzed, and 131 (55.3%) were successfully amplified and sequenced.” “The resulting RNA was used to synthesize complementary deoxyribonucleic acid (cDNA), which was amplified using the ANRS AC11 genotyping technique targeting the first 240 amino acids of RT.”",main_text,The abstract on page 1 and sequencing methods on page 2 explicitly describe newly generated HIV RT sequences from clinical samples.,strict
41112839,2,Does the paper report in vitro drug susceptibility data?,No,"“The analysis of resistance mutations was carried out using the Calibrated Population Resistance v8.1 program (https://hivdb.stanford.edu/cpr/, accessed December 2023) in search of specific mutations monitored in pretreatment.” “The proportion of DRM was evaluated globally, and after grouping sites by geographical areas (Dakar, North, Midwest, South-West, and South-East), as shown in Table 1.”",main_text,"The resistance analysis on page 2 is sequence-based. No phenotypic susceptibility assay, drug titration, IC50, EC50, or measured susceptibility fold change is reported.",strict
41112839,3,Were sequences from the paper made publicly available?,Yes,"“The RT-generated sequences were deposited in the National Institutes of Health GenBank database under accession numbers PP280627 to PP280757.” “A total of 237 samples from different patients were analyzed, and 131 (55.3%) were successfully amplified and sequenced.”",main_text,The deposition statement on page 3 explicitly identifies GenBank accessions for the newly generated RT sequences.,strict
41112839,4,What were the GenBank accession numbers for sequenced HIV isolates?,PP280627–PP280757,"“The RT-generated sequences were deposited in the National Institutes of Health GenBank database under accession numbers PP280627 to PP280757.” “A total of 237 samples from different patients were analyzed, and 131 (55.3%) were successfully amplified and sequenced.”",main_text,"Page 3 provides this accession range, which contains 131 accessions and corresponds to the study-generated sequences.",strict
41112839,5,How many individuals had samples obtained for HIV sequencing?,131,"“A total of 237 samples from different patients were analyzed, and 131 (55.3%) were successfully amplified and sequenced.” “One type of sample (dried blood spots [DBS] or venous blood) was used for each consenting patient.”",main_text,The abstract on page 1 reports successful sequencing for 131 different patients. Table 1 on page 3 also totals 131 successful genotypes; unsuccessful samples are excluded.,strict
41112839,6,From which countries were the sequenced samples obtained?,Senegal,"“This study aimed to document the prevalence of PDR in ART-naive patients in Senegal, describe the DRMs observed, evaluate their potential impact on future therapeutic options, and gain insights into the genetic diversity of HIV strains circulating in the country.” “These patients were recruited from 32 sites across the country, including 8 sites from Dakar, the capital city (Figure 1).”",main_text,The study population and recruitment descriptions on pages 2–3 identify Senegal as the collection country. Figure 1 on page 4 maps the Senegalese recruitment sites.,strict
41112839,7,From what years were the sequenced samples obtained?,2017–2018,"“A pretreatment drug resistance survey was carried out in 35 sites throughout the country between 2017 and 2018 using dried blood spots and whole blood samples.” “PDR surveillance was carried out between 2017 and 2018 according to WHO recommendations (https://apps.who.int/iris/handle/10665/204471, accessed December 2023).”",main_text,The abstract and study-population methods on pages 1–2 place the sampling survey in 2017–2018.,strict
41112839,8,Were samples cloned prior to sequencing?,Not applicable,"“Purified and quantified polymerase chain reaction products were sequenced by using Big Dye Terminator v3.1 (Life Technologies, Courtaboeuf, France), and electrophoresis was performed on the ABI 3100 Avant sequencer (Applied Biosystems, France) as previously described [6].” “The analysis of resistance mutations was carried out using the Calibrated Population Resistance v8.1 program (https://hivdb.stanford.edu/cpr/, accessed December 2023) in search of specific mutations monitored in pretreatment.”",main_text,"Although page 2 describes PCR-product sequencing, the paper does not report in vitro susceptibility data. The question's applicability rule therefore requires Not applicable.",strict
41112839,9,Which HIV genes were reported to have been sequenced?,RT,"“The resulting RNA was used to synthesize complementary deoxyribonucleic acid (cDNA), which was amplified using the ANRS AC11 genotyping technique targeting the first 240 amino acids of RT.” “Additionally, this study was conducted before the introduction of dolutegravir, so integrase sequencing was not performed, representing another limitation for assessing resistance to current first-line regimens.”",main_text,Page 2 specifies partial RT sequencing. The limitations on page 6 explicitly note missing protease sequence data and the absence of integrase sequencing.,strict
41112839,10,What method was used for sequencing?,Sanger sequencing,"“The resulting RNA was used to synthesize complementary deoxyribonucleic acid (cDNA), which was amplified using the ANRS AC11 genotyping technique targeting the first 240 amino acids of RT.” “Purified and quantified polymerase chain reaction products were sequenced by using Big Dye Terminator v3.1 (Life Technologies, Courtaboeuf, France), and electrophoresis was performed on the ABI 3100 Avant sequencer (Applied Biosystems, France) as previously described [6].”",main_text,"Big Dye Terminator chemistry and the ABI 3100 Avant instrument, specified on page 2, identify Sanger sequencing.",strict
41112839,11,What type of samples were sequenced?,Plasma; DBS,"“From 200 μl of plasma or two spots of DBS, HIV-1 viral ribonucleic acid (RNA) was extracted on the Nuclisens easyMAG® platform (Biomerieux, France) according to the manufacturer’s recommendations.” “The amplification success rate was 55% for DBS (121/221) and 58.8% for plasma (10/17).”",main_text,The extraction methods on page 2 and successful amplification counts on page 6 establish plasma and DBS as the sequenced specimens. Venous whole blood was processed into plasma or DBS rather than directly extracted as a separate specimen category.,strict
41112839,12,Were any sequences obtained from individuals with virological failure on a treatment regimen?,No,"“The inclusion criteria for patients in the sites were to be HIV-1-positive men or women, aged at least 18, ART-naive (defined as never having received any antiretroviral therapy, including prevention of mother-to-child transmission [PMTCT] regimens), and newly diagnosed based on the patient and the healthcare provider declarations.” “This study aimed to determine the prevalence of PDR in HIV naive patients before starting ART in Senegal and to analyze the implications of DRM for future therapeutic options.”",main_text,"The inclusion criteria on page 2 and study description on page 5 restrict this study to newly diagnosed, ART-naïve individuals before treatment, not patients with virological failure.",strict
41112839,13,Were the patients in the study in a clinical trial?,No,"“In order to have a nationally representative sample, recruitment sites were randomly selected among those reporting more than 10 new PLHIV treated per year.” “The final selection was made using WHO randomization software, which resulted in the selection of 35 sites throughout the country for surveillance of PDR, with a target of 331 patients to be included.”",main_text,"Page 2 describes an observational resistance-surveillance survey. Randomization selected recruitment sites, not treatments, and no clinical-trial participation or intervention assignment is reported.",strict
41112839,14,Does the paper report HIV sequences from individuals who had previously received ARV drugs?,No,"“The inclusion criteria for patients in the sites were to be HIV-1-positive men or women, aged at least 18, ART-naive (defined as never having received any antiretroviral therapy, including prevention of mother-to-child transmission [PMTCT] regimens), and newly diagnosed based on the patient and the healthcare provider declarations.” “A total of 251 of 331 ART-naive patients were recruited, giving a participation rate of 75.8%.”",main_text,"The eligibility criteria on page 2 explicitly exclude prior ART, including PMTCT exposure; the recruitment results on page 3 confirm the ART-naïve population.",strict
41112839,15,Which drug classes were received by individuals in the study before sample sequencing?,None,"“The inclusion criteria for patients in the sites were to be HIV-1-positive men or women, aged at least 18, ART-naive (defined as never having received any antiretroviral therapy, including prevention of mother-to-child transmission [PMTCT] regimens), and newly diagnosed based on the patient and the healthcare provider declarations.” “This study aimed to determine the prevalence of PDR in HIV naive patients before starting ART in Senegal and to analyze the implications of DRM for future therapeutic options.”",main_text,All sequenced individuals were ART-naïve before sampling. Drug classes discussed for resistance interpretation or national treatment policy do not represent prior exposure in these participants.,strict
41112839,16,Which drugs were received by individuals in the study before sample sequencing?,None,"“The inclusion criteria for patients in the sites were to be HIV-1-positive men or women, aged at least 18, ART-naive (defined as never having received any antiretroviral therapy, including prevention of mother-to-child transmission [PMTCT] regimens), and newly diagnosed based on the patient and the healthcare provider declarations.” “This study aimed to determine the prevalence of PDR in HIV naive patients before starting ART in Senegal and to analyze the implications of DRM for future therapeutic options.”",main_text,The study explicitly enrolled individuals without previous antiretroviral exposure. Drugs mentioned as potential treatment options or affected by mutations were not reported as previously received by these individuals.,strict
41130593,1,Does the paper report HIV sequences from patient samples?,Yes,"“Upon HIV-1 diagnosis, plasma samples were collected for HIV-1 RNA quantification and resistance analyses.” “Samples with HIV-1 RNA ≥200 copies/mL were analyzed for genotypic resistance in the HIV-1 CA, protease (PR), reverse transcriptase (RT), and integrase coding regions using the GenoSure® GAG PRO and GenoSure PRIme® assays.”",main_text,The Methods on page 3 describe genotyping clinical plasma samples from PURPOSE 1 and PURPOSE 2 participants with HIV.,strict
41130593,2,Does the paper report in vitro drug susceptibility data?,No,“Phenotyping of the clinical isolates in the PURPOSE trials was not attempted; no susceptibility data were available.” “The N74D substitution has been shown to have reduced susceptibility to LEN compared with wild type (WT) in vitro (14–22 fold) [11].”,main_text,Page 8 explicitly states that this study did not generate susceptibility data. The susceptibility measurements discussed are cited from previous studies.,strict
41130593,3,Were sequences from the paper made publicly available?,No,“Gilead Sciences shares anonymized individual patient data upon request or as required by law or regulation with qualified external researchers based on submitted curriculum vitae and reflecting non-conflict of interest.” “Data requests should be sent to datarequest@gilead.com.”,main_text,"The Data availability statement on page 9 describes controlled access upon request, not public sequence deposition. No accession numbers or deposition statements appear in the supplied file.",strict
41130593,4,What were the GenBank accession numbers for sequenced HIV isolates?,Not reported,"“Approval of such requests is at Gilead Science’s discretion and is dependent on the nature of the request, the merit of the research proposed, the availability of the data, and the intended use of the data.” “Data requests should be sent to datarequest@gilead.com.”",main_text,"The page 9 data-access statement provides no sequence accession numbers, and none are reported elsewhere in the supplied PDF.",strict
41130593,5,How many individuals had samples obtained for HIV sequencing?,76,"“Non–study drug resistance was detected in 20 of the 60 P1 participants tested for resistance.” “Non–study drug resistance was detected in two of 17 participants from P2.” “Resistance data were available for three of four participants who received LEN (Participants N, O, and P), with no resistance mutations observed at the earliest timepoint available for resistance testing.”",main_text,"Count 60 PURPOSE 1 participants and 16 PURPOSE 2 participants with sequence results: 17 tested in PURPOSE 2 minus participant Q, whose assays all failed (Table 4, page 16). Participants with successful capsid results remain included even when PR/RT/IN assays failed, as illustrated by participant S on page 17. Total: 60 + 16 = 76.",strict
41130593,6,From which countries were the sequenced samples obtained?,South Africa; other sample-source countries not reported,“The LEN resistance-associated mutation K70R was also detected in one South African participant with a subtype C virus and no exposure to LEN.” “This is likely a rare polymorphism.”,main_text,Page 5 explicitly identifies a sequenced South African participant. The supplied article does not provide a complete list of recruitment countries; laboratory and author locations are not counted as sample origins.,strict
41130593,7,From what years were the sequenced samples obtained?,2021–2023,"“aAugust 2021–September 2023; bJune 2021–December 2023.” “EAP, efficacy analysis population.”",figure,Figure 3 on page 18 associates these calendar ranges with the PURPOSE 2 and PURPOSE 1 efficacy analysis populations. Using these baseline/enrollment ranges gives 2021–2023; separate calendar dates for later follow-up specimens are not supplied.,strict
41130593,8,Were samples cloned prior to sequencing?,Not applicable,"“Phenotyping of the clinical isolates in the PURPOSE trials was not attempted; no susceptibility data were available.” “Genotypic CA resistance testing at Monogram was conducted using a next-generation sequencing platform (MiSeq; Illumina), with reporting of mutants present in ≥10% of sequences obtained for a given sample.”",main_text,"The question's applicability rule requires in vitro susceptibility data, which this paper explicitly did not generate.",strict
41130593,9,Which HIV genes were reported to have been sequenced?,"PR, RT, IN, CA","“Samples with HIV-1 RNA ≥200 copies/mL were analyzed for genotypic resistance in the HIV-1 CA, protease (PR), reverse transcriptase (RT), and integrase coding regions using the GenoSure® GAG PRO and GenoSure PRIme® assays.” “Genotypic CA resistance testing at Monogram was conducted using a next-generation sequencing platform (MiSeq; Illumina), with reporting of mutants present in ≥10% of sequences obtained for a given sample.”",main_text,"The Methods on pages 3–4 explicitly identify capsid, protease, reverse transcriptase, and integrase as clinical genotyping targets.",strict
41130593,10,What method was used for sequencing?,NGS,"“Genotypic CA resistance testing at Monogram was conducted using a next-generation sequencing platform (MiSeq; Illumina), with reporting of mutants present in ≥10% of sequences obtained for a given sample.” “The mutant detection cutoff was based on reproducibility and coverage data obtained during the proprietary assay validation process.”",main_text,Pages 3–4 explicitly describe Illumina MiSeq NGS for capsid. The sequencing technology underlying the PR/RT/IN assay is not separately specified.,strict
41130593,11,What type of samples were sequenced?,Plasma,"“Upon HIV-1 diagnosis, plasma samples were collected for HIV-1 RNA quantification and resistance analyses.” “Adherence to daily oral PrEP over the preceding 8–12 weeks was calculated by concentration of tenofovir (TFV) diphosphate in dried blood spot (DBS) testing, as previously described [21,22].”",main_text,"Plasma was collected for resistance genotyping. DBS samples were used for drug-adherence measurements, not HIV sequencing.",strict
41130593,12,Were any sequences obtained from individuals with virological failure on a treatment regimen?,Yes,"“Participant H had a viral load of 80 500 000 copies/mL at Day 1, initiated antiretroviral therapy (ART) at Day 50, and had a viral load of <200 copies/mL by Day 166.” “Subsequently, Participant H was nonadherent to ART and had detectable N74D and viremia through Day 440 (final visit) but no emergence of additional CA substitutions.”",main_text,"Although the primary setting was PrEP-associated HIV acquisition, participant H also had follow-up genotyping during rebound after ART initiation and initial suppression. Table 3 reports resistance testing at Days 271 and 440.",strict
41130593,13,Were the patients in the study in a clinical trial?,Yes,"“The Phase 3 PURPOSE 1 (P1; NCT04994509) and PURPOSE 2 (P2; NCT04925752) studies compared the efficacy of LEN in preventing HIV-1 acquisition relative to the background HIV (bHIV) incidence (primary comparator) and to the efficacy of F/TDF (secondary comparator).” “Briefly, participants who tested negative for HIV during the incidence phase were randomized to receive SC LEN, oral F/TDF, or oral F/TAF (PURPOSE 1 only) with the alternative SC or oral placebo.”",main_text,Pages 2–3 explicitly describe randomized phase 3 clinical trials.,strict
41130593,14,Does the paper report HIV sequences from individuals who had previously received ARV drugs?,Yes,"“All seven received study drug (LEN [n=4], F/TAF [n=1], F/TDF [n=2]) and were analyzed for resistance; none had resistance substitutions detected at Day 1 (Table 3).” “Follow-up data indicated that two of four participants who received LEN developed the N74D substitution in CA (Participants G and H; Table 3).”",main_text,"The study reports sequences after exposure to lenacapavir or oral emtricitabine/tenofovir PrEP, including follow-up sequences from initially unrecognized infections. PrEP exposure qualifies as prior ARV use.",strict
41130593,15,Which drug classes were received by individuals in the study before sample sequencing?,"NRTIs, INSTIs, Capsid inhibitors (CAIs)","“All seven received study drug (LEN [n=4], F/TAF [n=1], F/TDF [n=2]) and were analyzed for resistance; none had resistance substitutions detected at Day 1 (Table 3).” “Participant N had a Day 1 viral load of 67 300 000 copies/mL, with emergence of N74D at Day 111.” “Participant N started DTG/3TC/TDF at Day 110 and had HIV-1 RNA <50 copies/mL by Day 184 (Supplementary Table 3).”",main_text,"PrEP exposure establishes capsid inhibitor and NRTI use. Dolutegravir-containing ART preceded follow-up sequencing in participant N, establishing INSTI exposure. Detected NNRTI or PI resistance does not establish receipt of those classes.",strict
41130593,16,Which drugs were received by individuals in the study before sample sequencing?,"Lenacapavir (LEN), emtricitabine (FTC), tenofovir alafenamide (TAF), tenofovir disoproxil fumarate (TDF), dolutegravir (DTG), lamivudine (3TC)","“Other available PrEP options include oral, emtricitabine/tenofovir disoproxil fumarate (F/TDF) and emtricitabine/tenofovir alafenamide (F/TAF), which are highly effective when taken as directed [1-5].” “All seven received study drug (LEN [n=4], F/TAF [n=1], F/TDF [n=2]) and were analyzed for resistance; none had resistance substitutions detected at Day 1 (Table 3).” “Participant N started DTG/3TC/TDF at Day 110 and had HIV-1 RNA <50 copies/mL by Day 184 (Supplementary Table 3).”",main_text,"The sequenced participants received lenacapavir, emtricitabine, and either tenofovir formulation as PrEP. Dolutegravir and lamivudine were also received before follow-up resistance sampling, including participant N's Day 111 sample after ART initiation at Day 110.",strict
40431710,1,Does the paper report HIV sequences from patient samples?,Yes,“Retrospective genotypic resistance tests were performed on proviral DNA obtained from peripheral blood mononuclear cells (PBMCs) of the Swiss HIV Cohort Study biobank [1] taken seven months earlier (with HIV-1 VL < 20 copies/mL) and on biobanked plasma (with HIV-1 VL 134 copies/mL) taken four months earlier.” “A genotypic resistance test [3] using next generation sequencing showed a complete ‘wild type’ for all RAMs with a sensitivity cut-off of 1.5% at a minimum depth of 1750 reads.”,main_text,The case report describes genotypic resistance testing and new sequencing of clinical plasma and PBMC samples from a person with HIV (pages 3–4).,strict
40431710,2,Does the paper report in vitro drug susceptibility data?,No,"“Its strengths include pharmacokinetic analysis, comprehensive resistance testing, exact drug and adherence history, next-generation sequencing from HIV-1 RNA and DNA and phylogenetic analysis.” “A genotypic resistance test was carried out, which showed emergence of resistance to all the INSTIs, including BIC (Table 1).”",main_text,"The reported resistance measurements are genotypic. No phenotypic susceptibility assay, drug-titration experiment, IC50, EC50, or measured susceptibility fold change is reported; plasma drug concentrations are pharmacokinetic measurements, not susceptibility data.",strict
40431710,3,Were sequences from the paper made publicly available?,No,“The data that support the findings of this case report are not publicly available due to concerns regarding patient privacy and confidentiality.” “Data are available from the corresponding author upon reasonable request and with appropriate institutional approvals.”,main_text,"The Data Availability Statement on page 7 explicitly excludes public availability, and no public sequence-deposition statement is provided.",strict
40431710,4,What were the GenBank accession numbers for sequenced HIV isolates?,Not reported,“The data that support the findings of this case report are not publicly available due to concerns regarding patient privacy and confidentiality.” “Data are available from the corresponding author upon reasonable request and with appropriate institutional approvals.”,main_text,"No accession numbers are provided anywhere in the supplied article, including its figures, table, and Data Availability Statement.",strict
40431710,5,How many individuals had samples obtained for HIV sequencing?,1,“A 27-year-old male was diagnosed with HIV-1 infection Subtype B in 1994.” “We describe a rare case of virological failure on a quadruple therapy with BIC/3TC/TAF and DOR in a treatment-experienced patient.”,main_text,All longitudinal sequences and resistance tests in this case report belong to the same individual.,strict
40431710,6,From which countries were the sequenced samples obtained?,Switzerland,"“At that time, he was enrolled in the Swiss HIV Cohort Study [1].” “Retrospective genotypic resistance tests were performed on proviral DNA obtained from peripheral blood mononuclear cells (PBMCs) of the Swiss HIV Cohort Study biobank [1] taken seven months earlier (with HIV-1 VL < 20 copies/mL) and on biobanked plasma (with HIV-1 VL 134 copies/mL) taken four months earlier.”",main_text,"The patient was followed in the Swiss HIV Cohort Study, with samples obtained through that cohort and clinical care in Zurich, Switzerland (pages 1 and 3).",strict
40431710,7,From what years were the sequenced samples obtained?,1996–2024,"“Maximum likelihood (ML) phylogenetic tree showing evolution in the HIV-1 (A) protease and (B) reverse transcriptase, excluding drug resistance mutations.” “Samples reported in Table 1 are marked in blue.” Figure 2 includes sample labels “06.1996” and “04.2024”.",figure,"The dated sequences in Figure 2 on page 4 span June 1996 through April 2024. The first resistance test in 1996 is also described on page 1, and the April 2024 RNA genotype appears in Table 1.",strict
40431710,8,Were samples cloned prior to sequencing?,Not applicable,"“A genotypic resistance test [3] using next generation sequencing showed a complete ‘wild type’ for all RAMs with a sensitivity cut-off of 1.5% at a minimum depth of 1750 reads.” “Its strengths include pharmacokinetic analysis, comprehensive resistance testing, exact drug and adherence history, next-generation sequencing from HIV-1 RNA and DNA and phylogenetic analysis.”",main_text,"Although clinical sequences are reported, no in vitro susceptibility data are reported. The question's applicability rule therefore requires Not applicable.",strict
40431710,9,Which HIV genes were reported to have been sequenced?,"PR, RT, IN","“To determine whether this observation was rather a replacement of the resistant strain by an ancient archived wild-type or reversions at the specific resistance associated nucleotide positions, all available sequences of the HIV-1 protease and reverse transcriptase were compared.” “All drug resistances so far documented by RNA and proviral DNA sequencing in all four main ART classes (D67N, K70R, M184V for NRTIs, 108I, 234I, 318F for NNRTIs, L10V, K20R, T74S for PIs and T97A, G140S, Q148H, G149A for INSTIs) were completely undetectable at a very low frequency threshold.”",main_text,"Protease and reverse transcriptase sequences are explicitly analyzed, and integrase sequencing is demonstrated by the reported INSTI resistance mutations (pages 4 and 6; Table 1).",strict
40431710,10,What method was used for sequencing?,NGS,"“A genotypic resistance test [3] using next generation sequencing showed a complete ‘wild type’ for all RAMs with a sensitivity cut-off of 1.5% at a minimum depth of 1750 reads.” “Its strengths include pharmacokinetic analysis, comprehensive resistance testing, exact drug and adherence history, next-generation sequencing from HIV-1 RNA and DNA and phylogenetic analysis.”",main_text,Next-generation sequencing is explicitly reported on pages 4 and 6. The methods used for the oldest historical genotypes are not specified.,strict
40431710,11,What type of samples were sequenced?,"Plasma, PBMC","“Retrospective genotypic resistance tests were performed on proviral DNA obtained from peripheral blood mononuclear cells (PBMCs) of the Swiss HIV Cohort Study biobank [1] taken seven months earlier (with HIV-1 VL < 20 copies/mL) and on biobanked plasma (with HIV-1 VL 134 copies/mL) taken four months earlier.” “To identify potentially selected RAMs after initiation of the new drug regimen, a further genotypic resistance test was conducted two months after the start of the new antiretroviral therapy at HIV-1 RNA VL of 1590 copies/mL of plasma.”",main_text,The article explicitly reports both plasma RNA and PBMC-derived proviral DNA testing (pages 3 and 5).,strict
40431710,12,Were any sequences obtained from individuals with virological failure on a treatment regimen?,Yes,"“After additional three months of DOR plus BIC/TAF/FTC, the HIV-1 VL rose to 187 copies/mL.” “Close monitoring of the HIV-1 VL after three weeks showed a still elevated viral load of 217 copies/mL.” “A genotypic resistance test was carried out, which showed emergence of resistance to all the INSTIs, including BIC (Table 1).”",main_text,Sequencing was performed during virological rebound on doravirine plus bictegravir/tenofovir alafenamide/emtricitabine (page 3).,strict
40431710,13,Were the patients in the study in a clinical trial?,Yes,"“In 2003, in the context of the TMC-125 trial, ART was switched to didanosine (ddI), abacavir (ABC), tenofovir disoproxil (TDF), lopinavir/ritonavir (LPV/r), and etravirine (ETR).” “A DNA-based genotypic resistance assay on proviral DNA in 2015, within the framework of the Clinical Trial CN518, revealed the additional emergence of the NRTI resistance mutation M184V.”",main_text,"Although the publication itself is a case report, the sequenced patient explicitly participated in clinical trials, including CN518 during the reported proviral DNA resistance testing (page 2).",strict
40431710,14,Does the paper report HIV sequences from individuals who had previously received ARV drugs?,Yes,"“Zidovudine (AZT) and ritonavir (RTV) were initiated about a year later.” “In 1996, due to never having reached a suppressed plasma viral load, a first genotypic resistance test on HIV-1 plasma RNA was performed and showed the mutation K70R associated with thymidine analog nucleoside (TAM) reverse transcriptase inhibitor (NRTIs) resistance and a pattern of mutations (I54V, V82AT) associated with resistance to all protease inhibitors (PIs) and increased susceptibility to darunavir (DRV).”",main_text,"ART preceded the first reported genotype, and the patient had extensive subsequent treatment exposure before later sequencing.",strict
40431710,15,Which drug classes were received by individuals in the study before sample sequencing?,"NRTIs, NNRTIs, PIs, INSTIs, Entry inhibitors","“Viral suppression first occurred in 2007 with the introduction of the integrase strand transfer inhibitor (INSTI) raltegravir (RAL) and the switch from ATV/r to DRV/r in combination with AZT/3TC and TDF.” “Based on the patient’s history and current resistance pattern, we designed a new drug regimen: replacing BIC/FTC/TAF and DOR with FTC/TAF/DRV/c plus ETR (the only NNRTI still active) and fostemsavir (FTR), a new attachment inhibitor specifically approved for multi-drug-resistant HIV-1 infection in combination with an optimized backbone therapy.” “To identify potentially selected RAMs after initiation of the new drug regimen, a further genotypic resistance test was conducted two months after the start of the new antiretroviral therapy at HIV-1 RNA VL of 1590 copies/mL of plasma.”",main_text,"The longitudinal treatment history includes NRTIs, NNRTIs, PIs, and INSTIs. Fostemsavir was also received before subsequent RNA genotyping, establishing entry-inhibitor exposure (pages 2–5).",strict
40431710,16,Which drugs were received by individuals in the study before sample sequencing?,"Zidovudine (AZT), didanosine (ddI), stavudine (d4T), ritonavir (RTV), indinavir (IDV), lamivudine (3TC), delavirdine (DLV), abacavir (ABC), nelfinavir (NFV), efavirenz (EFV), tenofovir disoproxil fumarate (TDF), lopinavir (LPV), etravirine (ETR), atazanavir (ATV), raltegravir (RAL), darunavir (DRV), dolutegravir (DTG), tenofovir alafenamide (TAF), emtricitabine (FTC), elvitegravir (EVG), bictegravir (BIC), rilpivirine (RPV), doravirine (DOR), fostemsavir (FTR)","“HIV-1 VL (logarithmic scale) and ART combinations over time.” “AZT = Zidovudine, ddI = Didanosine, d4T = Stavudine, RTV = Ritonavir, IDV = Indinavir, 3TC = Lamivudine, DLV = Delavirdine, ABC = Abacavir, NFV = Nelfinavir, EFV = Efavirenz, TDF = Tenofovir disoproxil fumarate, LPV/r = Lopinavir boosted with Ritonavir, ETR = Etravirine, ATV/r = Atazanavir boosted with Ritonavir, PBO/RAL = Placebo or Raltegravir, DRV/r = Darunavir boosted with Ritonavir, RAL = Raltegravir, DRV/c = Darunavir boosted with Cobicistat, DTG = Dolutegravir, FTC = Emtricitabine, EVG = Eviltegravir, BIC = Bictegravir, RPV = Rilpivirine, DOR = Doravirine, TI = Treatment Interruption, FTR = Fostemsavir.”",figure,"Figure 1 on page 2 documents the complete treatment timeline, including early drugs omitted from the narrative. The adjacent text additionally identifies tenofovir alafenamide, and Table 1 and page 5 establish sequencing after fostemsavir initiation. Cobicistat is a pharmacokinetic booster rather than an ARV and is not included as an ARV drug.",strict
37957382,1,Does the paper report HIV sequences from patient samples?,Yes,"“Longitudinal single-genome sequencing of near-full-length proviruses and plasma HIV-1 pol-env RNA was performed.” “A total of 1,987 single-genome proviral sequences and 222 single-genome plasma sequences were generated for the eight participants with NSV.”",main_text,The study generated new HIV sequences directly from participant plasma and cellular proviral DNA.,strict
37957382,2,Does the paper report in vitro drug susceptibility data?,No,"“For each sequence, the GSS versus the participants’ ART regimen was calculated using the Stanford HIV database drug resistance scoring system.” “To evaluate whether these proviruses were infectious, viral outgrowth assays (VOAs) were performed using a transwell system with participant CD4+ T cells (LV4, LV7 and LV8; LV2, LV5 and LV9 served as controls) in the bottom chamber and MOLT-4/CCR5 cells in the upper chamber.”",main_text,"Susceptibility was predicted from genotype, while viral outgrowth assessed infectivity. Neither constitutes an in vitro ARV susceptibility assay; no drug-response concentrations or susceptibility fold changes are reported.",strict
37957382,3,Were sequences from the paper made publicly available?,Yes,“All data and code are available by request to the authors and the AIDS Clinical Trials Group.” “Sequence data were submitted to Genbank (BioProject: PRJNA973660).”,main_text,The Data availability statement explicitly reports public sequence deposition.,strict
37957382,4,What were the GenBank accession numbers for sequenced HIV isolates?,PRJNA973660 (BioProject). “Sequence data were submitted to Genbank (BioProject: PRJNA973660).” Individual isolate accession numbers are not reported.,“All data and code are available by request to the authors and the AIDS Clinical Trials Group.” “Sequence data were submitted to Genbank (BioProject: PRJNA973660).”,main_text,"Only a BioProject identifier is provided, not individual isolate accession numbers. The deposition statement is retained to distinguish the project identifier from sequence-level accessions.",strict
37957382,5,How many individuals had samples obtained for HIV sequencing?,18,"“A total of 1,987 single-genome proviral sequences and 222 single-genome plasma sequences were generated for the eight participants with NSV.” “We next compared the size of the intact and defective reservoir sizes between the participants with NSV and a control group of ten ART-suppressed participants (Supplementary Table 2).” “To estimate the size of the reservoir, we analyzed near-full-length proviral sequences as described below.”",main_text,"Eight NSV participants contributed plasma and proviral sequences, and ten ART-suppressed controls contributed sequence-based proviral reservoir measurements shown in Figure 2b. These total 18 individuals; additional immunological comparator participants are not counted.",strict
37957382,6,From which countries were the sequenced samples obtained?,United States,"“A participant with non-suppressible viremia enrolled in the HIV Eradication and Latency (HEAL) cohort, a biorepository of Brigham and Women’s Hospital, was included as a part of eight NSVs.” “The ART-suppressed comparators included 11 participants from the AIDS Clinical Trials Group (ACTG) and 7 participants from the Ragon Institute of Massachusetts General Hospital, the Massachusetts Institute of Technology and Harvard.”",main_text,"The clinical cohorts and collection institutions described are based in the United States. Brigham and Women’s Hospital is identified as being in Boston, Massachusetts in the affiliations.",strict
37957382,7,From what years were the sequenced samples obtained?,Not reported,"“The NSV samples were taken from different time points, enabling us to study these participants longitudinally (Fig. 1 and Extended Data Fig. 1).” “Longitudinal plasma HIV-1 sequences were obtained for four participants with available sampling (LV1, LV7, LV8 and LV9), at a median 4.5 time points, an average of 9.7 months apart (Fig. 1a and Extended Data Fig. 1).”",main_text,"The paper describes sampling intervals and plots relative years, but supplies no calendar years for collection of the sequenced samples.",strict
37957382,8,Were samples cloned prior to sequencing?,Not applicable,"“Extracted DNA was endpoint-diluted and subjected to near full-length sequencing (NFL-seq), as previously described.” “Extracted RNA was diluted to single viral genome levels to meet the criteria of single-genome sequencing of having no more than one template in each well, theoretically no more than 25% of wells being positive for HIV.”",main_text,"Although single-genome limiting dilution was performed, the required answer is Not applicable because the paper does not report in vitro drug susceptibility data.",strict
37957382,9,Which HIV genes were reported to have been sequenced?,"PR, RT, IN, CA, Env",“Longitudinal single-genome sequencing of near-full-length proviruses and plasma HIV-1 pol-env RNA was performed.” “Plasma HIV-1 RNA sequencing of the 5′ leader/gag region of HIV-1 was performed to confirm the presence of these 5′ defects within the plasma HIV-1 RNA sequences.”,main_text,"Near-full-length proviral sequencing encompasses PR, RT, IN, capsid within gag, and Env. Plasma pol-env sequencing and the PR/RT/IN resistance results in Figure 1 and Extended Data Figure 1 further establish these targets.",strict
37957382,10,What method was used for sequencing?,NGS,“Products underwent Illumina barcoded library construction and MiSeq sequencing.” “Amplicons were assembled using the UltraCycler v1.0 automated de novo sequence assembly to generate a continuous fragment.”,main_text,"Illumina MiSeq sequencing is next-generation sequencing, here applied to single-genome amplicons.",strict
37957382,11,What type of samples were sequenced?,"Plasma, PBMC","“DNA extractions were carried out from PBMCs using the QIAamp DNA Micro Kit (cat. no. 56304), and the quantification of DNA was performed with Nanodrop (Applied Biosystems, Thermo Fisher).” “We sequenced plasma HIV RNA as previously described.”",main_text,"Sequencing used plasma viral RNA and PBMC-derived proviral DNA. Dried blood spots were used for drug-level testing, not HIV sequencing.",strict
37957382,12,Were any sequences obtained from individuals with virological failure on a treatment regimen?,Yes,"“We enrolled eight participants with ongoing NSV, 88% men, with a median age of 60 years and median ART duration of 10 years.” “While the ART regimen was adjusted during the NSV for some participants, virologic suppression was not achieved (Extended Data Fig. 1).”",main_text,"Plasma sequences were obtained from ART-experienced individuals with persistent detectable viremia on treatment. This meets the question’s operational definition, although the paper characterizes their condition as NSV rather than conventional resistance-mediated failure.",strict
37957382,13,Were the patients in the study in a clinical trial?,No,"“In an observational study, we enrolled 8 ART-treated participants with three or more HIV-1 RNA levels between 40 and 1,000 copies ml−1 over 24 months of whom 7 (88%) were men and compared them with a historic cohort of 11 ART-suppressed participants, of whom 5 (71%) were men, with HIV-1 with similar demographic and CD4 counts.” “All study participants provided written informed consent.”",main_text,This is explicitly an observational study. Use of historical ACTG comparator samples does not establish a randomized or interventional trial for the present study.,strict
37957382,14,Does the paper report HIV sequences from individuals who had previously received ARV drugs?,Yes,"“We enrolled eight participants with ongoing NSV, 88% men, with a median age of 60 years and median ART duration of 10 years.” “All participants were receiving at least two active antiretroviral drugs during the NSV episodes.”",main_text,The sequenced NSV participants were treatment-experienced and receiving ART at sampling.,strict
37957382,15,Which drug classes were received by individuals in the study before sample sequencing?,"NRTIs, NNRTIs, PIs, INSTIs, Entry inhibitors","“LV1 and LV2 had plasma dolutegravir and darunavir concentrations consistent with ongoing ART use (Supplementary Table 5).” “LV3 and LV5-9 had DBS tests for tenofovir (TFV-DP, a measure of cumulative tenofovir/tenofovir alafenamide adherence) and emtricitabine (FTC-TP, a measure of recent emtricitabine dosing within the preceding 7 days).”",main_text,"The text establishes NRTI, PI, and INSTI exposure. Regimen histories in Figure 1 and Extended Data Figure 1 additionally show NNRTIs and maraviroc, an entry inhibitor, including ETR/MVC for LV3.",strict
37957382,16,Which drugs were received by individuals in the study before sample sequencing?,"Abacavir (ABC), atazanavir (ATV), bictegravir (BIC), darunavir (DRV), didanosine (ddI), dolutegravir (DTG), doravirine (DOR), efavirenz (EFV), emtricitabine (FTC), etravirine (ETR), lamivudine (3TC), lopinavir (LPV), maraviroc (MVC), nevirapine (NVP), rilpivirine (RPV), ritonavir (RTV), stavudine (d4T), tenofovir disoproxil fumarate (TDF), tenofovir alafenamide (TAF), zidovudine (AZT)","“RPV, rilpivirine; TDF, tenofovir disoproxil fumarate; FTC, emtricitabine; ATV/r, atazanavir/ritonavir; TAF, tenofovir alafenamide; DTG, dolutegravir; DRV/r, darunavir/ritonavir; NRTI, nucleoside reverse transcriptase inhibitors; NNRTI, non-nucleoside reverse transcriptase inhibitors; IN, integrase; PI, protease inhibitor.” “The table in each figure panel shows presence or absence of drug resistance mutations from both clinical testing and the largest plasma clone from single-genome sequencing.”",figure,"The treatment timelines in Figure 1 (page 3) and Extended Data Figure 1 (page 16) show regimens received before and across longitudinal sampling. The extraction includes historical agents and later regimens preceding subsequent samples, but excludes drugs mentioned only as possible future interventions.",strict
37340869,1,Does the paper report HIV sequences from patient samples?,No,"“Data from participants who received CAB + RPV LA dosed Q4W and/or Q8W in FLAIR, ATLAS, or ATLAS-2M were pooled in post hoc analyses.” “Full details of the methodology of genotypic and phenotypic analyses have been published (Supplementary page 1) [24].”",main_text,"The supplied article reports an expanded statistical analysis of existing clinical-trial resistance and subtype data, rather than documenting newly generated patient sequences or new mutation lists. Genotyping methodology is referred to earlier work and an online supplement not included in the supplied PDF. Under the requirement to distinguish newly generated sequence data from reanalysis, this is classified as No.",strict
37340869,2,Does the paper report in vitro drug susceptibility data?,No,"“Full details of the methodology of genotypic and phenotypic analyses have been published (Supplementary page 1) [24].” “Although detected on rare occasions in laboratory or clinical isolates exposed to integrase inhibitors, including CAB [20–22], L74I is not clearly associated with resistance and alone does not impact INSTI susceptibility [23].”",main_text,"Phenotypic methods and the susceptibility effect of L74I are referenced to other publications. The supplied article does not present an in vitro susceptibility experiment, IC50/EC50 values, or susceptibility fold changes; its drug-concentration analyses concern patient pharmacokinetics.",strict
37340869,3,Were sequences from the paper made publicly available?,No,“Data sharing requests will be considered by the management group on written request to the corresponding author.” “Deidentified participant data or other prespecified data will be available subject to a written proposal and a signed data sharing agreement.”,main_text,"The data-sharing statement describes controlled access by request, not deposition of sequences in a public repository. No sequence accession numbers or public-deposition statement appear in the supplied PDF.",strict
37340869,4,What were the GenBank accession numbers for sequenced HIV isolates?,Not reported,“Data sharing requests will be considered by the management group on written request to the corresponding author.” “Deidentified participant data or other prespecified data will be available subject to a written proposal and a signed data sharing agreement.”,main_text,No GenBank or other sequence-repository accession numbers are provided in the supplied article.,strict
37340869,5,How many individuals had samples obtained for HIV sequencing?,0,"“Across 3 studies, 1651 unique participants were included, 23/1651 (1.4%) of whom had CVF.” “The BFAs included 1363 and 1431 unique participants with complete records in the single-regimen and all-regimens models, respectively.”",main_text,"These are pooled analysis populations and complete-covariate record counts, not counts of individuals newly sequenced for this report. Following the rule for reanalysis of previously generated sequence data, the answer is 0.",strict
37340869,6,From which countries were the sequenced samples obtained?,Not applicable,"“Data from participants who received CAB + RPV LA dosed Q4W and/or Q8W in FLAIR, ATLAS, or ATLAS-2M were pooled in post hoc analyses.” “Overall, 11 participants with CVF were from Russia, all of whom had HIV-1 subtype A6/A1 (Supplementary Table 7A).”",main_text,"Russia is identified for a subgroup in the pooled trial analysis, but the article does not establish a newly sequenced sample population. Consequently, the conditional answer for Question 1 = No applies.",strict
37340869,7,From what years were the sequenced samples obtained?,Not applicable,"“Data cutoffs were through week 124 for FLAIR, week 96 for ATLAS, and week 152 for ATLAS-2M [4, 7, 10].” “This analysis includes participants initially randomized to CAB + RPV LA and participants who switched to CAB + RPV LA during extension phases of the studies.”",main_text,"The article provides trial follow-up intervals rather than calendar years for newly sequenced samples. Because no newly generated patient sequence dataset is established, the conditional answer is Not applicable.",strict
37340869,8,Were samples cloned prior to sequencing?,Not applicable,"“Full details of the methodology of genotypic and phenotypic analyses have been published (Supplementary page 1) [24].” “Notably, RPV RAMs for ATLAS and ATLAS-2M participants were identified by a retrospective proviral DNA analysis.”",main_text,"The supplied report does not establish new clinical sequencing or present in vitro susceptibility data. Therefore, the question's applicability requirements are not met.",strict
37340869,9,Which HIV genes were reported to have been sequenced?,"RT, IN","“Sex at birth, baseline BMI (continuous, linear term), HIV-1 subtype A6/A1, L74I polymorphism (including L74/L/I, but not any L74I mixtures containing M), CAB RAMs, other INSTI (non-CAB-specific) RAMs, RPV RAMs, other (non-RPV-specific) NNRTI RAMs, and Q4W or Q8W dosing regimen were explored as potential predictors of CVF in baseline factor analyses (BFAs).” “Notably, RPV RAMs for ATLAS and ATLAS-2M participants were identified by a retrospective proviral DNA analysis.”",main_text,"The pre-existing resistance data analyzed concern reverse transcriptase, through NNRTI/RPV resistance, and integrase, through INSTI/CAB resistance and L74I. These identify the genetic targets represented in the analysis, not newly generated sequences.",strict
37340869,10,What method was used for sequencing?,Not reported,"“Full details of the methodology of genotypic and phenotypic analyses have been published (Supplementary page 1) [24].” “Notably, RPV RAMs for ATLAS and ATLAS-2M participants were identified by a retrospective proviral DNA analysis.”",main_text,"The supplied PDF does not specify a sequencing platform or distinguish Sanger sequencing from NGS. Proviral DNA identifies the analyte, not the sequencing technology.",strict
37340869,11,What type of samples were sequenced?,Not applicable,"“Notably, RPV RAMs for ATLAS and ATLAS-2M participants were identified by a retrospective proviral DNA analysis.” “Reflecting clinical practice, virologically suppressed participants were not screened for archived resistance as part of CAB + RPV LA clinical trials.”",main_text,The article describes the origin of previously generated resistance information but does not establish newly sequenced clinical samples in this report. The conditional answer for Question 1 = No applies.,strict
37340869,12,Were any sequences obtained from individuals with virological failure on a treatment regimen?,Not applicable,"“Across 3 studies, 1651 unique participants were included, 23/1651 (1.4%) of whom had CVF.” “Data from participants who received CAB + RPV LA dosed Q4W and/or Q8W in FLAIR, ATLAS, or ATLAS-2M were pooled in post hoc analyses.”",main_text,"Virological failure occurred in the pooled trial population, but this article does not document a newly generated failure-sequence dataset. Under the conditional rule for Question 1 = No, the answer is Not applicable.",strict
37340869,13,Were the patients in the study in a clinical trial?,Yes,"“FLAIR, ATLAS, and ATLAS-2M are randomized, multicenter, parallel-group, open-label, phase 3/3b studies.” “FLAIR and ATLAS evaluated CAB + RPV LA dosed Q4W versus continuing daily oral therapy and ATLAS-2M evaluated CAB + RPV LA dosed Q8W versus Q4W.”",main_text,"Although this publication is a post hoc pooled analysis, its participants came from explicitly randomized phase 3/3b clinical trials.",strict
37340869,14,Does the paper report HIV sequences from individuals who had previously received ARV drugs?,No,"“Data from participants who received CAB + RPV LA dosed Q4W and/or Q8W in FLAIR, ATLAS, or ATLAS-2M were pooled in post hoc analyses.” “Participants were ≥18 years of age and virologically suppressed (plasma HIV-1 RNA <50 copies/mL) at randomization.”",main_text,"The analyzed participants were treated, but the article is classified as not reporting newly generated patient sequences. The specified conditional rule therefore requires No; this does not imply that the trial participants were ARV-naïve.",strict
37340869,15,Which drug classes were received by individuals in the study before sample sequencing?,None,"“Cabotegravir (CAB), an integrase strand transfer inhibitor (INSTI), plus rilpivirine (RPV), a nonnucleoside reverse transcriptase inhibitor (NNRTI), is the first complete long-acting (LA), injectable antiretroviral therapy (ART) regimen approved and recommended by treatment guidelines [1, 2].” “Data from participants who received CAB + RPV LA dosed Q4W and/or Q8W in FLAIR, ATLAS, or ATLAS-2M were pooled in post hoc analyses.”",main_text,"INSTIs and NNRTIs were study-treatment classes, but no new patient sequencing dataset is established in this report. None is the required conditional answer for Question 1 = No, rather than a statement that participants received no ARVs.",strict
37340869,16,Which drugs were received by individuals in the study before sample sequencing?,None,"“Data from participants who received CAB + RPV LA dosed Q4W and/or Q8W in FLAIR, ATLAS, or ATLAS-2M were pooled in post hoc analyses.” “FLAIR and ATLAS evaluated CAB + RPV LA dosed Q4W versus continuing daily oral therapy and ATLAS-2M evaluated CAB + RPV LA dosed Q8W versus Q4W.”",main_text,"Cabotegravir and rilpivirine are the analyzed trial treatments, but the paper does not establish newly generated patient sequences and corresponding pre-sequencing drug histories. None follows the prescribed conditional rule for Question 1 = No.",strict
