PMID,QID,Type,Model,Human Answer,Model Answer,Outcome,models_agree,evidence_in_pdf,human_answer_in_pdf,review_paper,cleanup_would_pass,cleanup_rule,cleaned_answer,annotation_hedge,negation_tail,EvidenceLocation,Evidence,Rationale,PubMed,suggested_category
40872801,6,List,GPT-6 Astra QSP,Tanzania,Not applicable,FN_missed,True,0.5,1.0,True,False,,,False,False,main_text,"“A systematic literature review was conducted from February to May 2025 following PRISMA standards [11], including original studies that were conducted in Tanzania involving participants receiving ART published in English by the end of December 2024.” “A standardized data extraction form created in Microsoft Excel was used to systematically record information from the studies included.”","Tanzania is the setting of the reviewed studies, not a sample-collection site for new sequencing in this paper. Because Question 1 is No, the prescribed answer is Not applicable.",https://pubmed.ncbi.nlm.nih.gov/40872801/,annotation error: paper is a review/meta-analysis
40872801,6,List,Kimi K3 QSP,Tanzania,Not applicable,FN_missed,True,0.0,1.0,True,False,,,False,False,main_text,The paper is a systematic review of studies conducted in Tanzania but generated no new sequences itself.,"Since the paper does not report new HIV sequences from individuals with HIV, the question is not applicable.",https://pubmed.ncbi.nlm.nih.gov/40872801/,annotation error: paper is a review/meta-analysis
40872801,7,List,GPT-6 Astra QSP,2004-2021,Not applicable,FN_missed,True,0.5,1.0,True,False,,,False,False,main_text,"“A standardized data extraction form created in Microsoft Excel was used to systematically record information from the studies included.” “The following study characteristics were recorded from each of the included studies: author(s), title of the study, publication year, database used for genotyping, and the year of the study as described by authors (sampling year).”","Sampling years in Table 1 refer to the original studies. No clinical samples were newly sequenced for this review, so sample-collection years are not applicable.",https://pubmed.ncbi.nlm.nih.gov/40872801/,annotation error: paper is a review/meta-analysis
40872801,7,List,Kimi K3 QSP,2004-2021,Not applicable,FN_missed,True,0.0,1.0,True,False,,,False,False,main_text,The paper is a meta-analysis of published studies and did not generate new sequence data from clinical samples.,"Since the paper does not report new HIV sequences from individuals with HIV, the question is not applicable.",https://pubmed.ncbi.nlm.nih.gov/40872801/,annotation error: paper is a review/meta-analysis
40872801,9,List,GPT-6 Astra QSP,"RT, PR",Not applicable,FN_missed,True,0.0,,True,False,,,False,False,main_text,"“A standardized data extraction form created in Microsoft Excel was used to systematically record information from the studies included.” “Outcomes that were recorded were the overall and specific prevalence of drug resistance mutations against Nucleotide/Nucleoside Reverse Transcriptase Inhibitors (NRTIs), Non-Nucleoside Reverse Transcriptase Inhibitors (NNRTIs), Protease Inhibitors (PIs), Integr","The review summarizes resistance involving RT, PR, and IN from prior publications, but reports no newly sequenced gene targets of its own.",https://pubmed.ncbi.nlm.nih.gov/40872801/,annotation error: paper is a review/meta-analysis
40872801,9,List,Kimi K3 QSP,"RT, PR",Not applicable,FN_missed,True,0.0,,True,False,,,False,False,main_text,"This meta-analysis did not perform any sequencing; it pooled prevalence data on NRTI, NNRTI, PI, and INSTI resistance mutations reported by the included studies.","Because no new sequencing was performed by this paper (review/meta-analysis of existing data), no gene targets can be attributed to this study itself.",https://pubmed.ncbi.nlm.nih.gov/40872801/,annotation error: paper is a review/meta-analysis
40872801,10,List,GPT-6 Astra QSP,Sanger,Not reported,FN_missed,True,0.5,0.0,True,False,,,False,False,main_text,"“A standardized data extraction form created in Microsoft Excel was used to systematically record information from the studies included.” “The following study characteristics were recorded from each of the included studies: author(s), title of the study, publication year, database used for genotyping, and the year of the study as described by authors (sampling year).”","No sequencing was performed for this review, and no Sanger or NGS method is described. The genotyping database listed in Table 1 is not a sequencing platform.",https://pubmed.ncbi.nlm.nih.gov/40872801/,annotation error: paper is a review/meta-analysis
40872801,10,List,Kimi K3 QSP,Sanger,Not reported,FN_missed,True,0.0,0.0,True,False,,,False,False,not_found,No sequencing method is described because the study is a systematic review and meta-analysis that did not generate new sequence data.,The sequencing method is not described; no sequencing was performed in this paper.,https://pubmed.ncbi.nlm.nih.gov/40872801/,annotation error: paper is a review/meta-analysis
40872801,11,List,GPT-6 Astra QSP,Plasma,Not applicable,FN_missed,True,0.5,0.0,True,False,,,False,False,main_text,"“A systematic literature review was conducted from February to May 2025 following PRISMA standards [11], including original studies that were conducted in Tanzania involving participants receiving ART published in English by the end of December 2024.” “A standardized data extraction form created in Microsoft Excel was used to systematically record information from the studies included.”","This is secondary analysis of published studies, with no newly sequenced clinical specimens. The specimen-type question is therefore not applicable.",https://pubmed.ncbi.nlm.nih.gov/40872801/,annotation error: paper is a review/meta-analysis
40872801,11,List,Kimi K3 QSP,Plasma,Not applicable,FN_missed,True,0.0,0.0,True,False,,,False,False,main_text,The paper is a meta-analysis and did not sequence any clinical samples itself.,"Since the paper does not report new HIV sequences from individuals with HIV, the question is not applicable.",https://pubmed.ncbi.nlm.nih.gov/40872801/,annotation error: paper is a review/meta-analysis
40872801,12,Boolean,GPT-6 Astra QSP,Yes,Not applicable,FN_missed,True,0.5,,True,False,,,False,False,main_text,"“Some studies followed participants longitudinally, assessing virological failure as well as DRMs prevalence, and other studies enrolled participants who already had virological failure.” “This review reports a high pooled prevalence of acquired DRMs (87.61%) among individuals with virological failure on ART whose samples were successfully genotyped.”","Virological failure and genotyping concern participants in the source studies. Because this review does not generate new clinical sequences, the explicit Question 12 applicability rule requires Not applicable.",https://pubmed.ncbi.nlm.nih.gov/40872801/,annotation error: paper is a review/meta-analysis
40872801,12,Boolean,Kimi K3 QSP,Yes,Not applicable,FN_missed,True,0.5,,True,False,,,False,False,main_text,The overall prevalence of acquired drug resistance mutations in the participants with virological failure whose samples were successfully genotyped was 87.61%... (data pooled from the included studies).,"Although the meta-analysis summarizes data from individuals with virological failure, the paper itself did not generate new HIV sequences from individuals with HIV, so the question is not applicable.",https://pubmed.ncbi.nlm.nih.gov/40872801/,annotation error: paper is a review/meta-analysis
40872801,14,Boolean,GPT-6 Astra QSP,Yes,No,FN_missed,True,0.5,,True,False,,,False,False,main_text,"“All included studies were observational studies, including a total of 9685 participants on ART, whereby 6677 (68.94%) were women.” “A standardized data extraction form created in Microsoft Excel was used to systematically record information from the studies included.”","Although the source studies involved ART-experienced individuals, this review generates no new patient sequences. The explicit rule for papers without qualifying clinical sequences requires No.",https://pubmed.ncbi.nlm.nih.gov/40872801/,annotation error: paper is a review/meta-analysis
40872801,14,Boolean,Kimi K3 QSP,Yes,No,FN_missed,True,0.5,,True,False,,,False,False,main_text,A total of 9685 HIV patients from 23 eligible studies were analyzed ... this review aimed to determine the magnitude and patterns of DRMs in patients on ART in Tanzania.,"While the included studies involved ART-experienced patients, this paper is a meta-analysis that does not report new HIV sequences from individuals with HIV; per the rules, the answer is No.",https://pubmed.ncbi.nlm.nih.gov/40872801/,annotation error: paper is a review/meta-analysis
40872801,15,List,GPT-6 Astra QSP,"NRTI, NNRTI, PI",None,FN_missed,True,0.5,1.0,True,False,,,False,False,main_text,"“A standardized data extraction form created in Microsoft Excel was used to systematically record information from the studies included.” “All included studies were observational studies, including a total of 9685 participants on ART, whereby 6677 (68.94%) were women.”","Treatment information concerns previously published cohorts rather than individuals newly sequenced for this paper. Under the no-clinical-sequences rule, the answer is None; this does not imply the source-study participants were untreated.",https://pubmed.ncbi.nlm.nih.gov/40872801/,annotation error: paper is a review/meta-analysis
40872801,15,List,Kimi K3 QSP,"NRTI, NNRTI, PI",None,FN_missed,True,0.0,1.0,True,False,,,False,False,main_text,The paper generated no new sequence data; it is a systematic review of previously published studies.,"Because the paper does not report HIV sequences from individuals with HIV, the answer is None per the rules.",https://pubmed.ncbi.nlm.nih.gov/40872801/,annotation error: paper is a review/meta-analysis
41056006,6,List,GPT-6 Astra QSP,Not provided (multicenter trial),United States; Dominican Republic,FP,False,0.5,1.0,False,False,,,True,False,main_text,"“CALIBRATE was a Phase 2, randomized, open-label, active-controlled, multicenter study.” “Treatment-naïve PWH were enrolled across 41 sites in the USA and Dominican Republic (study design presented in Fig. 1).”",The clinical sampling population was recruited at sites in the United States and Dominican Republic (page 3).,https://pubmed.ncbi.nlm.nih.gov/41056006/,annotation hedge: human answer is explicitly uncertain
41056006,6,List,Kimi K3 QSP,Not provided (multicenter trial),"USA, Dominican Republic",FP,False,0.0,1.0,False,False,,,True,False,main_text,Treatment-naïve PWH were enrolled across 41 sites in the USA and Dominican Republic (study design presented in Fig. 1).,Samples were collected at study sites located in the USA and the Dominican Republic.,https://pubmed.ncbi.nlm.nih.gov/41056006/,annotation hedge: human answer is explicitly uncertain
41057785,10,List,GPT-6 Astra QSP,Sanger (not stated),Not reported,FN_missed,True,0.5,0.0,False,False,,,True,False,main_text,"“This cohort study retrospectively reviewed medical records of People living with HIV-1 who underwent HIV drug resistance testing at the Mildmay Uganda Hospital (MUgH) from 2018 to 2023.” “Data were collected from April to June 2024, including HIV DRM results, socio-demographic, and medical history from ART registers, patient cards, Electronic Medical Records (EMR), and the National HIVDR database","The Methods describe abstraction of clinical resistance results but do not identify a sequencing platform, commercial genotyping assay, Sanger method, or NGS method.",https://pubmed.ncbi.nlm.nih.gov/41057785/,annotation hedge: human answer is explicitly uncertain
41057785,10,List,Kimi K3 QSP,Sanger (not stated),Not reported,FN_missed,True,0.0,0.0,False,False,,,True,False,not_found,"Data were collected from April to June 2024, including HIV DRM results, socio-demographic, and medical history from ART registers, patient cards, Electronic Medical Records (EMR), and the National HIVDR database.",The study retrospectively abstracted DRM results generated through the national HIVDR testing program and does not describe the sequencing platform or method (Sanger vs. NGS) used to generate the genotypes.,https://pubmed.ncbi.nlm.nih.gov/41057785/,annotation hedge: human answer is explicitly uncertain
41130593,6,List,GPT-6 Astra QSP,Not provided (multicenter trial),South Africa,FP,False,1.0,0.5,False,False,,,True,False,main_text,“The LEN resistance-associated mutation K70R was also detected in one South African participant with a subtype C virus and no exposure to LEN.” “This is likely a rare polymorphism.”,"Page 5 identifies a sequenced participant as South African, supporting South Africa as a sample origin. The supplied article does not enumerate the other recruitment countries; laboratory locations and author affiliations are not treated as sample origins.",https://pubmed.ncbi.nlm.nih.gov/41130593/,annotation hedge: human answer is explicitly uncertain
40431710,10,List,GPT-6 Astra QSP,Sanger,NGS,FN_wrong_value,True,0.5,0.0,False,False,,,False,False,main_text,"“A genotypic resistance test [3] using next generation sequencing showed a complete ‘wild type’ for all RAMs with a sensitivity cut-off of 1.5% at a minimum depth of 1750 reads.” “Its strengths include pharmacokinetic analysis, comprehensive resistance testing, exact drug and adherence history, next-generation sequencing from HIV-1 RNA and DNA and phylogenetic analysis.”","NGS is explicitly reported for HIV RNA and DNA. The methods used for the historical genotypes are not specified, so Sanger sequencing is not additionally inferred.",https://pubmed.ncbi.nlm.nih.gov/40431710/,curation convention: method defaulted (e.g. Sanger) though the paper never states it
40431710,10,List,Kimi K3 QSP,Sanger,NGS,FN_wrong_value,True,1.0,0.0,False,False,,,False,False,main_text,"A genotypic resistance test [3] using next generation sequencing showed a complete ""wild type"" for all RAMs... Its strengths include... next-generation sequencing from HIV-1 RNA and DNA and phylogenetic analysis.",Next-generation (deep) sequencing using the MinVar genotyping pipeline (reference 3) is explicitly reported for the recent resistance tests; the method used for the historical (1996-2015) tests is not specified.,https://pubmed.ncbi.nlm.nih.gov/40431710/,curation convention: method defaulted (e.g. Sanger) though the paper never states it
41056006,10,List,GPT-6 Astra QSP,Sanger,Not reported,FN_missed,True,1.0,0.0,False,False,,,False,False,main_text,“HIV-1 capsid genotypic and phenotypic data were assessed at study entry using the GenoSure Gag-Pro and PhenoSense Gag-Pro assays (Monogram Biosciences).” “Full methodologic details for CALIBRATE have been reported previously.”,"The article names the genotyping assay but does not explicitly identify Sanger sequencing, NGS, sequencing instruments, reagents, or read-generation procedures (pages 3–4).",https://pubmed.ncbi.nlm.nih.gov/41056006/,curation convention: method defaulted (e.g. Sanger) though the paper never states it
41056006,10,List,Kimi K3 QSP,Sanger,Not reported,FN_missed,True,1.0,0.0,False,False,,,False,False,main_text,HIV-1 capsid genotypic and phenotypic data were assessed at study entry using the GenoSure Gag-Pro and PhenoSense Gag-Pro assays (Monogram Biosciences).,Only the commercial assay name (GenoSure Gag-Pro) is given; the underlying sequencing technology (Sanger vs NGS) is not described in the paper.,https://pubmed.ncbi.nlm.nih.gov/41056006/,curation convention: method defaulted (e.g. Sanger) though the paper never states it
37340869,5,Number,GPT-6 Astra QSP,1651,1431,FN_wrong_value,False,1.0,1.0,False,False,,,False,False,main_text,"“Across 3 studies, 1651 unique participants were included, 23/1651 (1.4%) of whom had CVF.” “CVF risk according to combinations of the baseline factors identified as significant predictors in both BFAs (RPV RAMs, HIV-1 subtype A6/A1, and BMI ≥30 kg/m2) were examined in 1431 participants with complete records for these factors.”","The article identifies 1431 unique participants with complete baseline resistance and subtype information, also shown in Figure 1 on page 3. This is the documented genotype-evaluable population; 1651 is the overall trial-analysis population, which includes participants with missing covariate records.",https://pubmed.ncbi.nlm.nih.gov/37340869/,curation convention: which individuals to count
37515146,5,Number,GPT-6 Astra QSP,379,391,FN_wrong_value,False,1.0,1.0,False,False,,,False,False,main_text,"""A total of 391 participants were recruited, with sequencing successfully carried out in 379 individual participant samples, giving a genotyping success rate of 96.9%."" ""For each participant, 10 mL of venous blood was collected in an EDTA tube.""","Sections 2.3 and 3.1 indicate that samples were collected from 391 participants for genotyping; 379 yielded successful sequences and 12 were unsuccessful. The count includes all individuals sampled for sequencing, not only successful sequences.",https://pubmed.ncbi.nlm.nih.gov/37515146/,curation convention: which individuals to count
37626789,5,Number,GPT-6 Astra QSP,551,110,FN_wrong_value,True,,1.0,False,False,,,False,False,figure,“Not Supressed (≥1000 copies/ml) (N=118)” “HIVDR not done (N=8)” “HIVDR amplification successful (N=110)”,"Figure 1 on page 3 identifies 118 children eligible for resistance testing, of whom eight were not tested and 110 had successful amplification. Table 2 also reports genotypic resistance results totaling 110 individuals.",https://pubmed.ncbi.nlm.nih.gov/37626789/,curation convention: which individuals to count
37626789,5,Number,Kimi K3 QSP,551,110,FN_wrong_value,True,0.0,1.0,False,False,,,False,False,figure,"Figure 1 shows that of 118 children with virologic failure (not suppressed ≥1000 copies/mL after second viral load), HIVDR testing was not done for 8 and 'HIVDR amplification successful (N=110)'.","HIVDR genotyping/sequencing was successfully performed for 110 children; assuming one sequence per individual, 110 individuals had samples sequenced.",https://pubmed.ncbi.nlm.nih.gov/37626789/,curation convention: which individuals to count
40431742,5,Number,Kimi K3 QSP,1677,1667,FN_wrong_value,False,0.67,1.0,False,False,,,False,False,main_text,"A total of 1677 genotypes from PLWHA classified as ART-naïve were recorded... For the mutation analysis, 1667 genotypes were included, as 10 did not have available results. (Abstract: 'Samples from 1667 PLWHA were analyzed.')","Although 1677 genotype tests were recorded, sequence results were obtained and analyzed for 1667 individuals (one genotype per individual).",https://pubmed.ncbi.nlm.nih.gov/40431742/,curation convention: which individuals to count
40713598,5,Number,GPT-6 Astra QSP,20,96,FN_wrong_value,False,0.5,,False,False,,,False,False,main_text,"“Genotypic drug resistance testing of stored samples from the 96 individuals with HIV-1 RNA>1,000 copies/ml was attempted [8].” “Twenty samples were successfully amplified and sequenced (Figure S1).”","Samples from 96 individuals underwent attempted genotypic resistance testing, as reported on page 2. Of these, only 20 yielded successful sequences.",https://pubmed.ncbi.nlm.nih.gov/40713598/,curation convention: which individuals to count
40763144,5,Number,GPT-6 Astra QSP,295,363,FN_wrong_value,False,0.0,1.0,False,False,,,False,False,figure,“Participants with repeat non suppressed VL N= 363” “Failed genotyping N= 68; 18%” “Successfully genotyped and included in the study N = 295; 81.3%”,"Figure 1 on page 5 indicates genotyping was attempted for 363 individuals: 295 were successfully genotyped and 68 failed genotyping. The count includes everyone whose samples underwent attempted genotyping, not just successful sequences.",https://pubmed.ncbi.nlm.nih.gov/40763144/,curation convention: which individuals to count
40839365,5,Number,GPT-6 Astra QSP,212,288,FN_wrong_value,False,0.67,1.0,False,False,,,False,False,main_text,"“We sampled and enrolled 1035 participants; 79.4% (822/1035) of these participants resuppressed (defined as VL <1000 copies/mL) after IAC sessions, of whom 9.1% (75/822) had low level viremia (LLV) (200–999 copies/mL).” “Out of the remaining 20.6% (213/1035) who had confirmed virologic failure (VL ≥1000copies/mL after completing IAC) and whose samples underwent genotyping, 99.5% (212/213) were gen","The genotyping-results section on page 3 identifies 213 individuals with confirmed failure whose samples underwent genotyping and a separate 75-person LLV cohort that was also genotyped: 213 + 75 = 288. This counts individuals sampled for genotyping, including the unsuccessful sample; the resistance results presented in this paper primarily concern 212 successfully genotyped individuals with confi",https://pubmed.ncbi.nlm.nih.gov/40839365/,curation convention: which individuals to count
40938120,5,Number,GPT-6 Astra QSP,1048,1260,FN_wrong_value,False,1.0,1.0,False,False,,,False,False,main_text,"“In this study, we enrolled 1,260 newly diagnosed HIV-infected individuals.” “Among them, 1,159 pol gene sequences were successfully amplified.” “Venous blood samples (10 mL) were collected from each participant.”","Samples were obtained from all 1,260 enrolled individuals for the sequencing workflow (pages 2 and 12). Of these, 1,159 yielded successfully amplified sequences and 1,048 were included in the final analysis, as also shown in Figure 1 on page 3.",https://pubmed.ncbi.nlm.nih.gov/40938120/,curation convention: which individuals to count
40938120,5,Number,Kimi K3 QSP,1048,"1,260",FN_wrong_value,False,1.0,1.0,False,False,,,False,False,main_text,"In this study, we enrolled 1,260 newly diagnosed HIV-infected individuals. Among them, 1,159 pol gene sequences were successfully amplified. After applying quality control criteria, 1,048 sequences were included in the final analysis (Fig. 1). Venous blood samples (10 mL) were collected from each participant.","Blood samples were obtained from all 1,260 enrolled newly diagnosed individuals for HIV sequencing; 1,159 pol sequences were successfully amplified and 1,048 passed quality control and were included in the final analysis (matching the 1,048 GenBank accessions PX133190–PX134237).",https://pubmed.ncbi.nlm.nih.gov/40938120/,curation convention: which individuals to count
40974886,5,Number,Kimi K3 QSP,223,241,FN_wrong_value,False,0.5,1.0,False,False,,,False,False,main_text,"Overall, 241 participants (35 from GS-US-380-4449, 93 from GS-US-380-4030, and 113 from GS-US-380-4580) were included, with genotype reports collected from March 1997 to March 2019. Genotypic data were available from 223 and 25 participants for the 2- and multiple-timepoint analyses, respectively (7 participants ... were included in both analyses).","A total of 241 unique participants contributed genotype data (223 + 25 - 7 overlapping = 241). An additional 70 participants contributed samples to the repeat archive testing analysis, but overlap with the 241 is not specified, so the clearly stated total of 241 is reported.",https://pubmed.ncbi.nlm.nih.gov/40974886/,curation convention: which individuals to count
41004608,5,Number,Kimi K3 QSP,1182,1106,FN_wrong_value,False,1.0,1.0,False,False,,,False,False,main_text,"A total of 1182 people had available WGS data between 2015 and 2021. Of these, 76 HIV acquisitions could not be confirmed to be recent. ... Of 1106 participants, 375 (34%) started an INSTI-based regimen.","1182 individuals had whole-genome sequence data; after excluding 76 without confirmed recent acquisition, 1106 individuals formed the study population used in all analyses (one sequence per individual).",https://pubmed.ncbi.nlm.nih.gov/41004608/,curation convention: which individuals to count
41056006,5,Number,GPT-6 Astra QSP,10,182,FN_wrong_value,True,1.0,,False,False,,,False,False,main_text,"“HIV-1 capsid genotypic and phenotypic data were assessed at study entry using the GenoSure Gag-Pro and PhenoSense Gag-Pro assays (Monogram Biosciences).” “No LEN resistance-associated mutations (RAMs) were detected in baseline samples.” “Of the 182 participants enrolled and dosed, 10 (6%) met virologic failure criteria and were included in the RAP (TG1, n = 3; TG2, n = 2; TG3, n = 4; TG4, n = 1).",Study-entry genotyping is described for the study population of 182 dosed participants (pages 4 and 6). Ten of these participants underwent additional resistance evaluation after meeting failure criteria; they are not additional individuals. The number of successful baseline genotypes is not separately tabulated.,https://pubmed.ncbi.nlm.nih.gov/41056006/,curation convention: which individuals to count
41056006,5,Number,Kimi K3 QSP,10,182,FN_wrong_value,True,1.0,,False,False,,,False,False,main_text,"HIV-1 capsid genotypic and phenotypic data were assessed at study entry using the GenoSure Gag-Pro and PhenoSense Gag-Pro assays (Monogram Biosciences). ... No LEN resistance-associated mutations (RAMs) were detected in baseline samples. Of the 182 participants enrolled and dosed, 10 (6%) met virologic failure criteria and were included in the RAP.",Baseline capsid genotyping was performed at study entry for the enrolled/dosed population (182 participants); the 10 resistance analysis population participants are a subset who underwent additional resistance testing.,https://pubmed.ncbi.nlm.nih.gov/41056006/,curation convention: which individuals to count
41130593,5,Number,GPT-6 Astra QSP,64,77,FN_wrong_value,True,1.0,,False,False,,,False,False,main_text,"“Non–study drug resistance was detected in 20 of the 60 P1 participants tested for resistance.” “Non–study drug resistance was detected in two of 17 participants from P2 and included the NNRTI resistance-associated substitution K103N (n=2) and the protease inhibitor resistance-associated substitution V82L in PR (n=1; Table 2, Supplementary Table 4).”","Pages 5–6 report 60 PURPOSE 1 participants and 17 PURPOSE 2 participants tested for resistance, totaling 77. This includes incident and unrecognized baseline infections and counts individuals tested even where assays failed. Table 1 corroborates 53 and 11 incident cases tested, supplemented by seven and six baseline cases, respectively.",https://pubmed.ncbi.nlm.nih.gov/41130593/,curation convention: which individuals to count
41130593,5,Number,Kimi K3 QSP,64,77,FN_wrong_value,True,0.67,,False,False,,,False,False,table,Table 1 shows 53 P1 and 11 P2 participants tested for resistance after acquiring HIV post-Day 1. Non–study drug resistance was detected in 20 of the 60 P1 participants tested for resistance... Non–study drug resistance was detected in two of 17 participants from P2.,"In P1, 53 incident cases plus 7 unrecognized baseline infections were analyzed for resistance (60 total, as stated in the text); in P2, 11 incident cases plus 6 baseline infections were analyzed (17 total, as stated). 60 + 17 = 77 individuals had samples obtained for resistance genotyping (sequencing).",https://pubmed.ncbi.nlm.nih.gov/41130593/,curation convention: which individuals to count
21115794,10,List,Kimi K3 QSP,Not reported,Sanger sequencing,FP,False,1.0,,False,False,,,False,False,main_text,The integrase region of HIV proviral DNA was amplified by PCR with specific primers. ... The products were sequenced by Operon Biotechnologies' sequencing service.,Direct sequencing of PCR products through a commercial sequencing service (Operon) is consistent with population-based Sanger (dideoxy) sequencing; no next-generation sequencing platform is mentioned.,https://pubmed.ncbi.nlm.nih.gov/21115794/,model error / needs review
36795586,1,Boolean,GPT-6 Astra QSP,No,Yes,FP,False,0.5,,False,False,,,False,False,main_text,"“Targeted HIV genotype testing was only sporadically available on a limited basis for CAHLIV failing second-line ART, and these results did not include information on DTG resistance.” “The average number of HIV genotype results per year per COE was 12 (range, 0–30), with no DTG resistance testing.”","The Methods and Results on page 577 document patient HIV genotyping and the availability of resulting genotypes, meeting the question's criterion for genotypic resistance testing. However, the article reports testing availability rather than individual sequences or mutation results.",https://pubmed.ncbi.nlm.nih.gov/36795586/,model error / needs review
36795586,6,List,GPT-6 Astra QSP,Not reported,Botswana; Eswatini; Lesotho; Malawi; Tanzania; Uganda,FP,False,0.5,,False,False,,,False,False,main_text,"“COEs included in the study were from Botswana, Eswatini, Lesotho, Malawi, Tanzania-Mbeya, Tanzania-Mwanza and Uganda.” “The average number of HIV genotype results per year per COE was 12 (range, 0–30), with no DTG resistance testing.”",Page 577 identifies the six countries providing patient care and reports genotyping availability across these centers. The article does not identify which individual centers contributed the available genotypes.,https://pubmed.ncbi.nlm.nih.gov/36795586/,model error / needs review
36795586,11,List,GPT-6 Astra QSP,Not reported,Plasma,FP,False,1.0,,False,False,,,False,False,main_text,"“Assessment of ART drug resistance mutations via HIV genotype testing was not available as part of routine care at the COEs or pre-switch to DTG.” “Targeted HIV genotype testing was only sporadically available on a limited basis for CAHLIV failing second-line ART, and these results did not include information on DTG resistance.”",Genotyping was associated with second-line treatment failure. Plasma is inferred under the supplied rule for specimens obtained at virological failure; the article does not explicitly name the specimen type.,https://pubmed.ncbi.nlm.nih.gov/36795586/,model error / needs review
36795586,12,Boolean,GPT-6 Astra QSP,No,Yes,FP,False,0.5,,False,False,,,False,False,main_text,"“Targeted HIV genotype testing was only sporadically available on a limited basis for CAHLIV failing second-line ART, and these results did not include information on DTG resistance.” “The average number of HIV genotype results per year per COE was 12 (range, 0–30), with no DTG resistance testing.”",The genotyped population is explicitly described as children and adolescents failing second-line ART.,https://pubmed.ncbi.nlm.nih.gov/36795586/,model error / needs review
36795586,14,Boolean,GPT-6 Astra QSP,No,Yes,FP,False,0.5,,False,False,,,False,False,main_text,"“Targeted HIV genotype testing was only sporadically available on a limited basis for CAHLIV failing second-line ART, and these results did not include information on DTG resistance.” “The average number of HIV genotype results per year per COE was 12 (range, 0–30), with no DTG resistance testing.”",The patients receiving targeted genotyping had failed second-line ART and therefore had previous ARV exposure.,https://pubmed.ncbi.nlm.nih.gov/36795586/,model error / needs review
36795586,15,List,GPT-6 Astra QSP,Not reported,NRTIs; NNRTIs; PIs,FP,False,1.0,,False,False,,,False,False,main_text,"“Targeted HIV genotype testing was only sporadically available on a limited basis for CAHLIV failing second-line ART, and these results did not include information on DTG resistance.” “Single drug substitutions (SDS) were defined as an ART regimen change in which the nucleoside reverse transcriptase inhibitor (NRTI) backbone remained the same, and the only change was from the nonnucleoside reverse","The article places targeted genotyping in patients failing second-line ART and identifies NRTI, NNRTI, and PI treatment in the cohort. These classes are consistent with the supplied historical second-line treatment inference rule. DTG use is not established as preceding genotyping.",https://pubmed.ncbi.nlm.nih.gov/36795586/,model error / needs review
37340869,2,Boolean,GPT-6 Astra QSP,No,Yes,FP,False,1.0,,False,False,,,False,False,main_text,“Full details of the methodology of genotypic and phenotypic analyses have been published (Supplementary page 1) [24].”,"The Methods explicitly identifies phenotypic analyses, satisfying the criterion that phenotypic testing was performed. However, numerical susceptibility results and assay details are not reproduced in the supplied PDF; the referenced supplementary material is not included.",https://pubmed.ncbi.nlm.nih.gov/37340869/,model error / needs review
37340869,6,List,GPT-6 Astra QSP,Not reported,Russia,FP,False,0.5,,False,False,,,False,False,main_text,"“Overall, 11 participants with CVF were from Russia, all of whom had HIV-1 subtype A6/A1 (Supplementary Table 7A).” “Results were further evaluated by geographical region (North America, Europe, and ‘other’ regions) and by country.”",Russia is explicitly identified as a country of origin for genotyped participants. Other countries are not named in the supplied main article; the country-specific supplementary tables are referenced but not included.,https://pubmed.ncbi.nlm.nih.gov/37340869/,model error / needs review
37340869,11,List,GPT-6 Astra QSP,Not reported,"Plasma, PBMC",FP,True,0.5,,False,False,,,False,False,main_text,"“Historical genotypic evidence of any major INSTI or NNRTI RAMs, excluding K103N in plasma, was exclusionary per the 2015 (FLAIR and ATLAS) and 2019 (ATLAS-2M) International Antiviral Society-USA (IAS-USA) guidelines (Supplementary Table 1) [25, 26].” “Notably, RPV RAMs for ATLAS and ATLAS-2M participants were identified by a retrospective proviral DNA analysis.”","The article references plasma-based genotypes and retrospective proviral DNA genotyping. Under the specified mapping, proviral DNA is categorized as PBMC, although the exact cellular preparation is not described.",https://pubmed.ncbi.nlm.nih.gov/37340869/,model error / needs review
37340869,11,List,Kimi K3 QSP,Not reported,"Plasma, PBMC",FP,True,0.5,,False,False,,,False,False,main_text,"Historical genotypic evidence of any major INSTI or NNRTI RAMs, excluding K103N in plasma, was exclusionary per the 2015 (FLAIR and ATLAS) and 2019 (ATLAS-2M) International Antiviral Society-USA (IAS-USA) guidelines. Notably, RPV RAMs for ATLAS and ATLAS-2M participants were identified by a retrospective proviral DNA analysis.","Genotypic data were obtained from plasma (plasma HIV-1 RNA genotyping) and from proviral DNA (cell-associated DNA, i.e., PBMC-derived).",https://pubmed.ncbi.nlm.nih.gov/37340869/,model error / needs review
37381002,15,List,Kimi K3 QSP,Not reported,"NRTI, NNRTI",FP,False,0.5,,False,False,,,False,False,main_text,"The regimen consisted of TDF/AZT, 3TC and EFV/NVP is currently the most common acquired free first-line treatment in China. Unfortunately, 28.14%/15.08%, 45.23%, 51.26%/56.28% of HIV-1 virus strains have a certain degree of resistance to the above drugs, respectively.","Patients were on the Chinese national free first-line ART regimen composed of NRTIs (TDF/AZT, 3TC) plus an NNRTI (EFV/NVP), as reflected by the resistance analysis against these drugs. No explicit statement of PI or INSTI receipt is made.",https://pubmed.ncbi.nlm.nih.gov/37381002/,model error / needs review
37381002,16,List,Kimi K3 QSP,Not reported,"Tenofovir (TDF), zidovudine (AZT), lamivudine (3TC), efavirenz (EFV), nevirapine (NVP)",FP,False,0.5,,False,False,,,False,False,main_text,"The regimen consisted of TDF/AZT, 3TC and EFV/NVP is currently the most common acquired free first-line treatment in China. Unfortunately, 28.14%/15.08%, 45.23%, 51.26%/56.28% of HIV-1 virus strains have a certain degree of resistance to the above drugs, respectively.","The specific drugs named as the standard first-line regimen received by these Chinese ART-failure patients are tenofovir or zidovudine, lamivudine, and efavirenz or nevirapine.",https://pubmed.ncbi.nlm.nih.gov/37381002/,model error / needs review
37573167,12,Boolean,GPT-6 Astra QSP,No,Yes,FP,True,1.0,,False,False,,,False,False,main_text,"“At HIV-DNA GRT, individuals were under virological suppression for a median (IQR) of 3.7 (0.3-8.0) years, and were mainly under triple therapy (66.1%) based on PI, NNRTI or INSTI plus 2 NRTIs (Table 1).” “Around half of them (47.1%) achieved virological suppression under the last regimen and 44.3% had previously received a regimen containing an INSTI.”","The supplied rule classifies sequencing after NRTI, NNRTI, PI or INSTI exposure as Yes. The participants meet that criterion, although these particular specimens were collected during virological suppression, not documented active failure.",https://pubmed.ncbi.nlm.nih.gov/37573167/,model error / needs review
37573167,12,Boolean,Kimi K3 QSP,No,Yes,FP,True,0.67,,False,False,,,False,False,main_text,"This retrospective study included 1126 HIV-1 drug-experienced virologically suppressed subjects... individuals were mainly under triple therapy (66.1%) based on PI, NNRTI or INSTI plus 2 NRTIs (Table 1). Around half of them (47.1%) achieved virological suppression under the last regimen and 44.3% had previously received a regimen containing an INSTI.","All sequenced individuals were ART-experienced and had received NRTIs, NNRTIs, PIs, and/or INSTIs (median multiple prior regimens and up to ≥5 drug classes experienced), with only 47.1% having achieved suppression on their last regimen—indicating prior treatment failures; per the question's rules, sequences from patients who had received these drug classes qualify as 'Yes'.",https://pubmed.ncbi.nlm.nih.gov/37573167/,model error / needs review
37817087,11,List,GPT-6 Astra QSP,"Serum, Plasma, DBS",Plasma; dried serum/plasma spots,FN_wrong_value,False,1.0,0.67,False,False,,,False,False,main_text,"“Some laboratories send the sample material on a filter paper (Whatman 903) as dried serum or plasma spots.” “Viral RNA was isolated from the sample material (serum, plasma or spot elution) using the automated Biomerieux EasyMag platform.”","The Methods on page 2 report plasma, serum and dried serum/plasma spots. Serum is included under Plasma according to the requested categorization; the dried specimens are specifically serum/plasma spots rather than whole-blood spots.",https://pubmed.ncbi.nlm.nih.gov/37817087/,model error / needs review
37817087,11,List,Kimi K3 QSP,"Serum, Plasma, DBS",Plasma,FN_wrong_value,False,0.67,0.67,False,False,,,False,False,main_text,a nationwide network of approximately 70 laboratories ... submit plasma or serum to the RKI along with the report form for a case. Some laboratories send the sample material on a filter paper (Whatman 903) as dried serum or plasma spots.,"Viral RNA was isolated from plasma or serum (including dried serum/plasma spots on filter paper), i.e., blood plasma/serum-derived samples.",https://pubmed.ncbi.nlm.nih.gov/37817087/,model error / needs review
37872202,10,List,Kimi K3 QSP,Not reported,Sanger sequencing,FP,False,1.0,,False,False,,,False,False,main_text,The presence of the desired mutations was determined by automated DNA sequencing.,"Automated (capillary/dideoxy) DNA sequencing corresponds to Sanger sequencing; it was used to confirm site-directed mutations in engineered Env plasmids, not for clinical sample genotyping.",https://pubmed.ncbi.nlm.nih.gov/37872202/,model error / needs review
37957382,6,List,GPT-6 Astra QSP,Not reported,United States,FP,True,0.5,,False,False,,,False,False,main_text,"“A participant with non-suppressible viremia enrolled in the HIV Eradication and Latency (HEAL) cohort, a biorepository of Brigham and Women’s Hospital, was included as a part of eight NSVs.” “The study was approved by the Mass General Brigham Institutional Review Board.”","The Methods identify the US-based HEAL/Brigham and Women’s Hospital cohort; the affiliations locate that hospital in Boston, Massachusetts, USA. No non-US sample-collection location is reported.",https://pubmed.ncbi.nlm.nih.gov/37957382/,model error / needs review
37957382,6,List,Kimi K3 QSP,Not reported,United States,FP,True,0.5,,False,False,,,False,False,main_text,"A participant with non-suppressible viremia enrolled in the HIV Eradication and Latency (HEAL) cohort, a biorepository of Brigham and Women's Hospital, was included as a part of eight NSVs... The study was approved by the Mass General Brigham Institutional Review Board.","Participants were enrolled through US institutions (Brigham and Women's Hospital/Harvard, Boston, MA; comparator cohorts from ACTG and the Ragon Institute), indicating samples were collected in the United States.",https://pubmed.ncbi.nlm.nih.gov/37957382/,model error / needs review
37957382,8,Boolean,GPT-6 Astra QSP,Yes,Not applicable,FN_missed,True,1.0,,False,False,,,False,False,main_text,"“Extracted DNA was endpoint-diluted and subjected to near full-length sequencing (NFL-seq), as previously described.” “Extracted RNA was diluted to single viral genome levels to meet the criteria of single-genome sequencing of having no more than one template in each well, theoretically no more than 25% of wells being positive for HIV.”","Although limiting dilution and single-genome sequencing were performed, the prescribed applicability rule requires in vitro drug susceptibility data, which this paper does not report.",https://pubmed.ncbi.nlm.nih.gov/37957382/,model error / needs review
37957382,8,Boolean,Kimi K3 QSP,Yes,Not applicable,FN_missed,True,1.0,,False,False,,,False,False,main_text,"For each sequence, the GSS versus the participants' ART regimen was calculated using the Stanford HIV database drug resistance scoring system.","Because the paper does not report in vitro drug susceptibility data (genotypic analysis only), this question is not applicable per the study rules.",https://pubmed.ncbi.nlm.nih.gov/37957382/,model error / needs review
37957382,9,List,GPT-6 Astra QSP,"Full genome, NFLG","PR, RT, IN, CA, Env",FN_wrong_value,False,1.0,0.67,False,False,,,False,False,main_text,“Longitudinal single-genome sequencing of near-full-length proviruses and plasma HIV-1 pol-env RNA was performed.” “Plasma HIV-1 RNA sequencing of the 5′ leader/gag region of HIV-1 was performed to confirm the presence of these 5′ defects within the plasma HIV-1 RNA sequences.”,"Near-full-length proviral sequencing covers the requested PR, RT, IN, CA and Env targets. Plasma pol-env sequencing and the PR-, RT- and IN-resistance results further establish the Pol targets; CA is contained within the sequenced gag region of the near-full-length proviruses.",https://pubmed.ncbi.nlm.nih.gov/37957382/,model error / needs review
37957382,9,List,Kimi K3 QSP,"Full genome, NFLG","Pol, PR, RT, IN, CA, Env",FN_wrong_value,False,1.0,0.67,False,False,,,False,False,main_text,"Longitudinal single-genome sequencing of near-full-length proviruses and plasma HIV-1 pol-env RNA was performed... Primers were designed to amplify pol-env, a 6.7-kb region... Plasma HIV-1 RNA sequencing of the 5' leader/gag region of HIV-1 was performed to confirm the presence of these 5' defects within the plasma HIV-1 RNA sequences.","Near-full-length proviral sequencing covers the genome including gag (CA) and pol (PR, RT, IN); plasma sequencing targeted pol-env and the 5' leader/gag; genotypic resistance was assessed for NRTI/NNRTI (RT), PI (PR), and INSTI (IN) (Fig. 1 resistance table columns: NRTI, NNRTI, IN, PI).",https://pubmed.ncbi.nlm.nih.gov/37957382/,model error / needs review
37973713,13,Boolean,GPT-6 Astra QSP,Yes,No,FN_missed,True,1.0,,False,False,,,False,False,main_text,"“We have conducted multi-center, prospective, observational, cross sectional study.” “The clinical trial received a positive opinion from the Bioethics Committee at the Medical University of Warsaw (Number of consent: AKBE/206/2020) and was registered on clinicaltrials.gov (Number: NCT04636736).”","Despite the authors’ use of 'clinical trial,' multicenter recruitment, and registration, the Methods explicitly define an observational, cross-sectional study. No experimental treatment assignment or randomization is described, so the observational-study classification applies.",https://pubmed.ncbi.nlm.nih.gov/37973713/,model error / needs review
37973713,13,Boolean,Kimi K3 QSP,Yes,No,FN_missed,True,1.0,,False,False,,,False,False,main_text,"We have conducted multi-center, prospective, observational, cross sectional study... The clinical trial received a positive opinion from the Bioethics Committee at the Medical University of Warsaw (Number of consent: AKBE/206/2020) and was registered on clinicaltrials.gov (Number: NCT04636736).","The study is explicitly described as an observational, cross-sectional study with no randomization, blinding, or controlled treatment assignment. Per the stated note, ClinicalTrials.gov registration (NCT04636736) alone is insufficient to classify it as a clinical trial.",https://pubmed.ncbi.nlm.nih.gov/37973713/,model error / needs review
40400229,12,Boolean,Kimi K3 QSP,Yes (PrEP),No,FN_missed,True,0.5,1.0,False,False,,,False,False,main_text,"Here we describe HIV seroconversion events in participants of the PrEP Impact trial. Of the 43 participants who seroconverted during the trial, 42 self-reported suboptimal PrEP usage (both event-based or daily).",All genotyped individuals acquired HIV while receiving PrEP (prophylaxis) or were diagnosed at baseline before PrEP initiation; none were experiencing virological failure on an antiretroviral treatment regimen.,https://pubmed.ncbi.nlm.nih.gov/40400229/,model error / needs review
40400229,13,Boolean,GPT-6 Astra QSP,No,Yes,FP,True,0.5,,False,False,,,False,False,main_text,"“The PrEP Impact trial was a prospective, open-label, single-arm, multicentre trial conducted at 157 Sexual Health Services (SHS) across England between Oct 13, 2017, and July 12, 2020.” “Eligible participants were aged 16 years or older, clinician-assessed to be HIV-negative on the day of enrolment, and willing and able to adhere to the trial procedures.”","The Methods explicitly describe participation in an open-label, single-arm, multicentre PrEP trial.",https://pubmed.ncbi.nlm.nih.gov/40400229/,model error / needs review
40400229,13,Boolean,Kimi K3 QSP,No,Yes,FP,True,1.0,,False,False,,,False,False,main_text,"The PrEP Impact trial was a prospective, open-label, single-arm, multicentre trial conducted at 157 Sexual Health Services (SHS) across England.","The study is explicitly described as an open-label, multicentre trial, meeting the criteria for a clinical trial.",https://pubmed.ncbi.nlm.nih.gov/40400229/,model error / needs review
40431710,13,Boolean,GPT-6 Astra QSP,No,Yes,FP,False,1.0,,False,False,,,False,False,main_text,"“In 2003, in the context of the TMC-125 trial, ART was switched to didanosine (ddI), abacavir (ABC), tenofovir disoproxil (TDF), lopinavir/ritonavir (LPV/r), and etravirine (ETR).” “A DNA-based genotypic resistance assay on proviral DNA in 2015, within the framework of the Clinical Trial CN518, revealed the additional emergence of the NRTI resistance mutation M184V.”","Although the publication is a case report rather than a trial report, this patient explicitly participated in clinical trials, including CN518 when proviral DNA genotyping was performed. Figure 1 also records placebo/raltegravir exposure.",https://pubmed.ncbi.nlm.nih.gov/40431710/,model error / needs review
40839365,15,List,GPT-6 Astra QSP,"NRTI, NNRTI, INSTI",INSTIs,FN_wrong_value,False,1.0,1.0,False,False,,,False,False,main_text,"“Dolutegravir (DTG)-based regimens (DBR) are now the most dispensed antiretroviral therapy (ART) for people living with HIV (PLHIV) in Sub-Saharan Africa.” “Eligible participants were PLHIV aged 15 years or older, on a DBR for at least 9 months, latest VL was ≥1000copies/mL, and had completed at least 1 session of IAC per national guidelines.”","Dolutegravir exposure establishes receipt of an INSTI. Other regimen components and prior drug classes are not specifically documented for the sequenced participants; resistance assessments for NRTIs, NNRTIs, and PIs do not by themselves establish receipt of those classes.",https://pubmed.ncbi.nlm.nih.gov/40839365/,model error / needs review
40974886,11,List,Kimi K3 QSP,PBMC (Whole blood OK),"Whole blood, Plasma",FN_wrong_value,False,0.67,1.0,False,False,,,False,False,main_text,"Retrospective proviral DNA genotyping of PR/RT/IN using GenoSure Archive (Monogram Biosciences, CA, USA) was performed on baseline whole blood samples and a subset of Week 24 samples. Participants had a median of 3 reports, most commonly RNA genotype (65 %; 64/98); 96 % (24/25) had >=1 DNA genotype report. ... as proviral DNA may harbor RAMs not detectable in plasma RNA, this could influence detec","New proviral DNA genotyping was performed on whole blood samples. Historical RNA genotype reports refer to plasma RNA genotyping (viral RNA from plasma), as referenced by the authors' use of the term plasma RNA.",https://pubmed.ncbi.nlm.nih.gov/40974886/,model error / needs review
40974886,15,List,GPT-6 Astra QSP,"NRTI, NNRTI, PI, INSTI",NRTIs; INSTIs,FN_wrong_value,False,0.5,1.0,False,False,,,False,False,main_text,"""Genotyping of protease, reverse transcriptase, and integrase from 3 bictegravir/emtricitabine/tenofovir alafenamide switch studies was included."" ""Baseline and Week 24 samples were available from study GS-US-380-4580; one participant from study GS-US-380-4449 participated in a previous study (GS-US-292-1826) and samples from both studies were included.""","The analysis includes post-switch Week 24 samples, supporting exposure to bictegravir (INSTI) and emtricitabine/tenofovir alafenamide (NRTIs) before those samples. Earlier individual regimens are not detailed; resistance to NNRTIs or PIs alone does not establish receipt of those classes.",https://pubmed.ncbi.nlm.nih.gov/40974886/,model error / needs review
40974886,16,List,Kimi K3 QSP,"TAF, FTC, BIC","Bictegravir, emtricitabine, tenofovir alafenamide (B/F/TAF; received before Week 24 sample sequencing in GS-US-380-4580); other pre-sequencing drugs not reported",FN_missed,False,0.5,0.67,False,False,,,False,False,main_text,"Retrospective proviral DNA genotyping of PR/RT/IN using GenoSure Archive (Monogram Biosciences, CA, USA) was performed on baseline whole blood samples and a subset of Week 24 samples (GS-US-380-4580). ... randomized to B/F/TAF or comparator regimens in studies GS-US-380-4449, GS-US-380-4030, and GS-US-380-4580.",The only specific drugs named are the study regimen bictegravir/emtricitabine/tenofovir alafenamide (B/F/TAF); Week 24 samples from GS-US-380-4580 were sequenced after participants had received B/F/TAF. The specific pre-switch antiretroviral drugs received before baseline/historical sequencing are not reported in this paper.,https://pubmed.ncbi.nlm.nih.gov/40974886/,model error / needs review
41004608,9,List,GPT-6 Astra QSP,Whole genome,"PR, RT, IN, CA, Env",FN_wrong_value,False,1.0,1.0,False,False,,,False,False,main_text,"“The complete genomic sequencing of HIV was performed using a previously described sequence capture method and the short read data were assembled into consensus whole genomes using Genomancer, an in-house viral genome assembly pipeline [20].” “Consensus sequences derived at 30× depth and 20% variant frequency threshold were aligned against the HXB2 reference sequence using MAFFT, and mutations of ","Pages 2–3 describe complete HIV genome sequencing, encompassing PR, RT, IN, CA, and Env. PR, RT, and IN resistance results are also reported on page 5; CA is included by whole-genome coverage, not because capsid-inhibitor resistance was specifically assessed. NC and 3′PPT were additionally analyzed but are outside the requested gene abbreviations.",https://pubmed.ncbi.nlm.nih.gov/41004608/,model error / needs review
41004608,9,List,Kimi K3 QSP,Whole genome,"PR, RT, IN, Env",FN_wrong_value,False,0.75,1.0,False,False,,,False,False,main_text,"Whole genome sequencing (WGS) has been provided as a reference surveillance service for a subset of new HIV diagnoses... NRTI SDRMs were most prevalent (44 [4.1%]), followed by nonnucleoside reverse transcriptase inhibitor SDRMs (35 [3.2%]) and PI SDRMs (29 [2.7%]). INSTI SDRMs were seen in <1% of sequences... 3′PPT c9053t (47 [4.7%]), Env Y61H (102 [11%]), Env A539V (36 [3.9%]), and NC N8S (52 [5","Whole-genome sequencing was performed; analyses covered PR (PI SDRMs), RT (NRTI/NNRTI SDRMs), IN (INSTI SDRMs/accessory mutations), and Env (gp120/gp41 mutations), plus Gag nucleocapsid (NC N8S).",https://pubmed.ncbi.nlm.nih.gov/41004608/,model error / needs review
41056006,2,Boolean,GPT-6 Astra QSP,No,Yes,FP,True,1.0,,False,False,,,False,False,main_text,“Emergence of LEN resistance was an exploratory endpoint.” “HIV-1 capsid genotypic and phenotypic data were assessed at study entry using the GenoSure Gag-Pro and PhenoSense Gag-Pro assays (Monogram Biosciences).”,"The Methods explicitly state that phenotypic testing was performed using PhenoSense Gag-Pro (page 4), meeting the specified criterion even though numerical susceptibility results are not provided in the attached main article.",https://pubmed.ncbi.nlm.nih.gov/41056006/,model error / needs review
41056006,2,Boolean,Kimi K3 QSP,No,Yes,FP,True,1.0,,False,False,,,False,False,main_text,HIV-1 capsid genotypic and phenotypic data were assessed at study entry using the GenoSure Gag-Pro and PhenoSense Gag-Pro assays (Monogram Biosciences).,"The PhenoSense Gag-Pro assay is Monogram Biosciences' phenotypic drug susceptibility assay, so phenotypic susceptibility testing was performed on study samples.",https://pubmed.ncbi.nlm.nih.gov/41056006/,model error / needs review
41056006,7,List,Kimi K3 QSP,Not provided,2019–2020,FP,False,1.0,,False,False,,,False,False,main_text,"Between 22 November 2019 and 27 August 2020, 183 participants in CALIBRATE were randomly assigned to one of four TGs.",Enrollment (baseline sample collection) occurred November 2019 to August 2020; follow-up samples were collected during the trial but specific collection dates are not given.,https://pubmed.ncbi.nlm.nih.gov/41056006/,model error / needs review
41088231,8,Boolean,GPT-6 Astra QSP,Yes,Not applicable,FN_missed,True,1.0,,False,False,,,False,False,main_text,"“Two overlapping halves of the HIV-1 genome were subsequently amplified by nested polymerase chain reaction (PCR) by utilizing LA Taq (TaKaRa, China) with a near endpoint dilution method as described previously [19].” “Whether L74I in CRF02_AG affects INSTI resistance can be confirmed through additional in vitro resistance experiments.”","Although endpoint dilution and single-genome amplification were used, the question's applicability rule requires in vitro susceptibility data. None are reported, so the answer is Not applicable.",https://pubmed.ncbi.nlm.nih.gov/41088231/,model error / needs review
41088231,8,Boolean,Kimi K3 QSP,Yes,Not applicable,FN_missed,True,1.0,,False,False,,,False,False,main_text,"Two overlapping halves of the HIV-1 genome were subsequently amplified by nested polymerase chain reaction (PCR) by utilizing LA Taq (TaKaRa, China) with a near endpoint dilution method as described previously. Positive products were directly purified and sequenced by Sangon Biotech (Shanghai) Co., Ltd with Sanger sequencing method.","Per the question rules, because the paper does not report in vitro drug susceptibility data (Question 2 = No), this question is answered Not applicable, even though a near-endpoint dilution/single-genome amplification approach was used.",https://pubmed.ncbi.nlm.nih.gov/41088231/,model error / needs review
41088231,9,List,Kimi K3 QSP,Whole genome,"PR, RT, IN, Env",FN_wrong_value,False,0.33,1.0,False,False,,,False,False,main_text,"The NFLG sequence of strain 230794 was 8260 nucleotides (nt) in length, with two CRF02_AG segments substituting in the backbone of subtype F2 in the vif and env gene regions. The HIVdb program from the Stanford HIV Drug Resistance Database was used to analyse the protease inhibitors (PIs), nucleoside reverse-transcription inhibitors (NRTIs), non-nucleoside reverse-transcription inhibitors (NNRTIs)","A near full-length genome (HXB2 positions ~760-9019) was sequenced, encompassing pol and env; genotypic resistance analysis covered protease, reverse transcriptase (NRTI/NNRTI), and integrase, and the env V3 loop was analyzed for coreceptor tropism.",https://pubmed.ncbi.nlm.nih.gov/41088231/,model error / needs review
41088231,14,Boolean,GPT-6 Astra QSP, No,Yes,FP,True,0.5,,False,False,,,False,False,main_text,"“The patient 230794 obtained successful viral suppression with plasma viral load below the detection limit in 2025, therefore, we chose to harvest viral DNA from the whole blood sample.” “By comparing the genetic sequences obtained in 2023 and 2025, it was found that they were largely genetically similar, without obvious difference in the recombination forms.”","The initial 2023 specimen was obtained while ART-naïve, but the same patient was sequenced again in 2025 after receiving ART and achieving suppression.",https://pubmed.ncbi.nlm.nih.gov/41088231/,model error / needs review
41088231,14,Boolean,Kimi K3 QSP, No,Yes,FP,True,0.33,,False,False,,,False,False,main_text,"For patient 230794, in Jan 2024 (three months after ART), the HIV-1 RNA viral load test result was 369 IU/mL. The patient 230794 obtained successful viral suppression with plasma viral load below the detection limit in 2025, therefore, we chose to harvest viral DNA from the whole blood sample. These findings suggested that the presence of the mutation L74I may not affect the efficacy of bictegravi","The 2025 whole-blood sample, from which proviral DNA SGA sequences were generated, was collected after the patient had been receiving ART (bictegravir/emtricitabine/tenofovir alafenamide) with stable virological suppression.",https://pubmed.ncbi.nlm.nih.gov/41088231/,model error / needs review
41088231,15,List,Kimi K3 QSP,None,"NRTI, INSTI",FP,True,0.5,,False,False,,,False,False,main_text,"These findings suggested that the presence of the mutation L74I may not affect the efficacy of bictegravir, emtricitabine and tenofovir alafenamide (BIC + FTC + TAF) combination treatment. In Apr 2024, Oct 2024 and Apr 2025, the patient got successful suppression, with the HIV-1 RNA viral load below the detection limit.","Before the 2025 whole-blood sequencing, the patient received bictegravir (an INSTI) plus emtricitabine and tenofovir alafenamide (both NRTIs).",https://pubmed.ncbi.nlm.nih.gov/41088231/,model error / needs review
41091504,2,Boolean,GPT-6 Astra QSP,No,Yes,FP,False,1.0,,False,False,,,False,False,main_text,"“The number of mutations in a given variant ranged from 0 in wildtype up to 24 mutations, and the experimental enzyme inhibition constant (Ki) values ranged from picomolar to micromolar (Figure 2A and Table S3).” “The experimental potency values (Figure 2A and Table S3) were converted from Ki to ΔG using the equation”.","Sections 2.1.4 and 2.3.3 report experimental darunavir inhibition constants for HIV-1 protease variants, which are quantitative biochemical susceptibility measures. These are reused published measurements, not newly performed whole-virus phenotypic assays; Figure 2A presents binding energies calculated from them.",https://pubmed.ncbi.nlm.nih.gov/41091504/,model error / needs review
41091504,8,Boolean,GPT-6 Astra QSP,Yes (site-directed mutants),Not applicable,FN_missed,True,1.0,0.67,False,False,,,False,False,main_text,“The remaining 18 HIV-1 protease-DRV complexes were homology modeled using Schrodinger Prime.” “In total there were 28 HIV-1 protease variant-DRV complexes (Figure 2A) that were prepared for system building and MD simulations.”,"Sections 2.1.3–2.1.4 describe computational structure preparation rather than clinical-sample sequencing. Because Question 1 is No, the required answer is Not applicable.",https://pubmed.ncbi.nlm.nih.gov/41091504/,model error / needs review
41093949,8,Boolean,GPT-6 Astra QSP,Yes,Not applicable,FN_missed,True,1.0,,False,False,,,False,False,main_text,"“Site-directed mutagenesis containing resistance sites was performed on HIV-1 pNL4-3 and pGX002 using the Q5® Site-Directed Mutagenesis Kit (NEB, Cat. No. E0554S) in accordance with the manufacturer’s instructions.” “Positive clones were picked and amplified in LB broth containing ampicillin, followed by Sanger sequencing (by SinoGenoMax).”","Although laboratory clones were sequenced (Methods, page 2), the question's applicability rule requires new patient-derived sequences. None were reported.",https://pubmed.ncbi.nlm.nih.gov/41093949/,model error / needs review
41093949,8,Boolean,Kimi K3 QSP,Yes,Not applicable,FN_missed,True,1.0,,False,False,,,False,False,main_text,"Site-directed mutagenesis containing resistance sites was performed on HIV-1 pNL4-3 and pGX002 using the Q5® Site-Directed Mutagenesis Kit... Positive clones were picked and amplified in LB broth containing ampicillin, followed by Sanger sequencing (by SinoGenoMax).","Although the study involved cloning/site-directed mutagenesis, the question's gating rule states that if the paper does not report HIV sequences from individuals with HIV (or lacks in vitro susceptibility data), the answer is 'Not applicable'. This study sequenced no patient-derived samples.",https://pubmed.ncbi.nlm.nih.gov/41093949/,model error / needs review
41093949,10,List,GPT-6 Astra QSP,Not stated,Sanger sequencing,FP,True,1.0,,False,False,,,False,False,main_text,"“Positive clones were picked and amplified in LB broth containing ampicillin, followed by Sanger sequencing (by SinoGenoMax).” “The wild-type and drug-resistant plasmids were stored in a freezer at -20 °C in preparation for packaging the corresponding virus.”",Methods (pages 2–3) explicitly identify Sanger sequencing of the laboratory clones.,https://pubmed.ncbi.nlm.nih.gov/41093949/,model error / needs review
41093949,10,List,Kimi K3 QSP,Not stated,Sanger sequencing,FP,True,1.0,,False,False,,,False,False,main_text,"Positive clones were picked and amplified in LB broth containing ampicillin, followed by Sanger sequencing (by SinoGenoMax).",Sanger sequencing is explicitly stated as the method used to verify the mutant plasmid clones.,https://pubmed.ncbi.nlm.nih.gov/41093949/,model error / needs review
41130593,8,Boolean,GPT-6 Astra QSP,Yes (single genome),Not applicable,FN_missed,True,1.0,0.5,False,False,,,False,False,main_text,"“Phenotyping of the clinical isolates in the PURPOSE trials was not attempted; no susceptibility data were available.” “Genotypic CA resistance testing at Monogram was conducted using a next-generation sequencing platform (MiSeq; Illumina), with reporting of mutants present in ≥10% of sequences obtained for a given sample.”","Although clinical genotyping was performed, the study reports no in vitro susceptibility data. The question's applicability rule therefore requires Not applicable.",https://pubmed.ncbi.nlm.nih.gov/41130593/,model error / needs review
41130593,8,Boolean,Kimi K3 QSP,Yes (single genome),Not applicable,FN_missed,True,1.0,0.5,False,False,,,False,False,main_text,Phenotyping of the clinical isolates in the PURPOSE trials was not attempted; no susceptibility data were available. Samples... were analyzed for genotypic resistance... using the GenoSure® GAG PRO and GenoSure PRIme® assays... Genotypic CA resistance testing at Monogram was conducted using a next-generation sequencing platform (MiSeq; Illumina).,"Per the rules, because the paper reports no in vitro susceptibility data, this question is not applicable. (Genotyping used commercial assays and NGS without any described cloning step.)",https://pubmed.ncbi.nlm.nih.gov/41130593/,model error / needs review
37973713,6,List,GPT-6 Astra QSP,"Ukraine, Poland",Poland,FN_wrong_value,True,0.0,1.0,False,False,,,False,False,main_text,"“The site of the recruitment of the cohorts were six clinical centers in Poland (two centers in Warsaw and one center in each city: Olsztyn, Lublin, Łódź and Rzeszów), all in the closest regions to the Polish–Ukrainian border, which cover territorially 40% of refugees [1, 2].” “In our cohort all of the patients from Eastern Europe migrated to Poland within 6 to 12 months before the recruitment to ","All recruitment and sample collection occurred in Poland. Ukraine, Belarus, Georgia, and Kazakhstan describe participants’ origins rather than collection sites.",https://pubmed.ncbi.nlm.nih.gov/37973713/,model error: quoted evidence not found in PDF
37973713,6,List,Kimi K3 QSP,"Ukraine, Poland",Poland,FN_wrong_value,True,0.0,1.0,False,False,,,False,False,main_text,"The site of the recruitment of the cohorts were six clinical centers in Poland (two centers in Warsaw and one center in each city: Olsztyn, Lublin, Łódź and Rzeszów), all in the closest regions to the Polish–Ukrainian border.","Although many participants were migrants originating from Ukraine, Belarus, Georgia, and Kazakhstan, all samples were collected at recruitment centers in Poland; per the rules, the country of sample collection is reported.",https://pubmed.ncbi.nlm.nih.gov/37973713/,model error: quoted evidence not found in PDF
40400229,12,Boolean,GPT-6 Astra QSP,Yes (PrEP),No,FN_missed,True,0.0,1.0,False,False,,,False,False,main_text,"“A total of 54 out of 24 268 participants were newly diagnosed with HIV; 11 of the 54 were at baseline.” “Information on the first antiretroviral regimen started after HIV diagnosis was available for 33 of the 43 participants who seroconverted during the trial, and 1 patient elected not to start treatment (Table 1).”","The reported genotypes concern newly diagnosed infections, including infections after PrEP exposure, rather than virological failure during HIV treatment. The treatment regimens in Table 1 were initiated after diagnosis.",https://pubmed.ncbi.nlm.nih.gov/40400229/,model error: quoted evidence not found in PDF
40974886,5,Number,GPT-6 Astra QSP,223,Not reported,FN_missed,False,0.0,1.0,False,False,,,False,False,main_text,"""Overall, 241 participants (35 from GS-US-380-4449, 93 from GS-US-380-4030, and 113 from GS-US-380-4580) were included, with genotype reports collected from March 1997 to March 2019."" ""Overall, from 70 participants (12 from GS-US-380-4449, 39 from GS-US-380-4030, and 19 from GS-US-380-4580), 90 whole blood samples from October 2016 to July 2019 were analyzed.""","Sections 3.1.1 and 3.2.1 report 241 individuals in the longitudinal analysis and 70 in repeat testing. Both groups come from the same trials, but their overlap is not specified; therefore, an exact overall unique count cannot be determined and the groups should not simply be summed.",https://pubmed.ncbi.nlm.nih.gov/40974886/,model error: quoted evidence not found in PDF
41088231,9,List,GPT-6 Astra QSP,Whole genome,"PR, RT, IN, CA, Env",FN_wrong_value,False,0.0,1.0,False,False,,,False,False,main_text,"“The NFLG sequence of 230794, which was 8260 nucleotides (nt) in length, was obtained and submitted to GenBank (accession number PV187006).” “The HIVdb program from the Stanford HIV Drug Resistance Database (https://hivdb.stanford.edu/hivdb/by-sequences/) was used to analyse the protease inhibitors (PIs), nucleoside reverse-transcription inhibitors (NRTIs), non-nucleoside reverse-transcription inh","The near-full-length genome encompasses gag, including CA, the PR/RT/IN regions of pol, and Env, as supported by the genome map in Figure 1 on page 4. PR, RT, IN and Env are also specifically supported by the resistance and tropism analyses on page 3.",https://pubmed.ncbi.nlm.nih.gov/41088231/,model error: quoted evidence not found in PDF
41088231,12,Boolean,GPT-6 Astra QSP,No,Yes,FP,False,0.0,,False,False,,,False,False,main_text,"“The patient 230794 obtained successful viral suppression with plasma viral load below the detection limit in 2025, therefore, we chose to harvest viral DNA from the whole blood sample.” “These findings suggested that the presence of the mutation L74I may not affect the efficacy of bictegravir, emtricitabine and tenofovir alafenamide (BIC + FTC + TAF) combination treatment.”",Yes under the supplied operational rule that includes sequences generated after receipt of NRTIs or INSTIs: the 2025 DNA sequences were obtained after ART exposure. Actual virological failure is not reported; the patient was successfully suppressed.,https://pubmed.ncbi.nlm.nih.gov/41088231/,model error: quoted evidence not found in PDF
41088231,15,List,GPT-6 Astra QSP,None,"NRTIs, INSTIs",FP,True,0.0,,False,False,,,False,False,main_text,"“These findings suggested that the presence of the mutation L74I may not affect the efficacy of bictegravir, emtricitabine and tenofovir alafenamide (BIC + FTC + TAF) combination treatment.” “The patient 230794 obtained successful viral suppression with plasma viral load below the detection limit in 2025, therefore, we chose to harvest viral DNA from the whole blood sample.”","Before the 2025 specimen was collected, the patient received bictegravir, an INSTI, and emtricitabine and tenofovir alafenamide, both NRTIs. No other patient treatment classes are documented.",https://pubmed.ncbi.nlm.nih.gov/41088231/,model error: quoted evidence not found in PDF
41088231,16,List,GPT-6 Astra QSP,None,"Bictegravir (BIC), emtricitabine (FTC), tenofovir alafenamide (TAF)",FP,True,0.0,,False,False,,,False,False,main_text,"“These findings suggested that the presence of the mutation L74I may not affect the efficacy of bictegravir, emtricitabine and tenofovir alafenamide (BIC + FTC + TAF) combination treatment.” “The patient 230794 obtained successful viral suppression with plasma viral load below the detection limit in 2025, therefore, we chose to harvest viral DNA from the whole blood sample.”",The Discussion on page 7 identifies the patient's regimen before the follow-up whole-blood specimen was sequenced.,https://pubmed.ncbi.nlm.nih.gov/41088231/,model error: quoted evidence not found in PDF
41088231,16,List,Kimi K3 QSP,None,"bictegravir (BIC), emtricitabine (FTC), tenofovir alafenamide (TAF)",FP,True,0.0,,False,False,,,False,False,main_text,"These findings suggested that the presence of the mutation L74I may not affect the efficacy of bictegravir, emtricitabine and tenofovir alafenamide (BIC + FTC + TAF) combination treatment.",The specific ARV regimen received by the patient prior to the 2025 sequencing is explicitly named.,https://pubmed.ncbi.nlm.nih.gov/41088231/,model error: quoted evidence not found in PDF
37573167,16,List,GPT-6 Astra QSP,Not reported,"Enfuvirtide, maraviroc, ritonavir",FP,False,,,False,False,,,False,False,table,"“EI: entry inhibitors (enfuvirtide, maraviroc)”. “PIb: ritonavir/cobicistat boosted protease inhibitors.”","The Table 1 footnote, page 2, names enfuvirtide and maraviroc as entry inhibitors and ritonavir as a PI booster. Other regimen components are reported only by class; cobicistat is a pharmacokinetic enhancer rather than an ARV, and drugs appearing only in reference titles are not evidence of exposure in this cohort.",https://pubmed.ncbi.nlm.nih.gov/37573167/,needs review: evidence cited from a figure/table (not checkable in the text layer)
37573167,16,List,Kimi K3 QSP,Not reported,"Enfuvirtide, maraviroc (all other treatments reported only by drug class)",FP,False,0.0,,False,False,,,False,False,table,"Table 1 footnote: EI: entry inhibitors (enfuvirtide, maraviroc); ... PIb: ritonavir/cobicistat boosted protease inhibitors. Otherwise treatments are described only by class (e.g., 'PIb + 2 NRTI', 'NNRTI + 2 NRTI', 'INSTI 2nd gen. + 2 NRTI').",The only specific antiretroviral drugs named in the paper are the entry inhibitors enfuvirtide and maraviroc (ritonavir/cobicistat are mentioned only as boosters); all other treatments are reported at the drug-class level only.,https://pubmed.ncbi.nlm.nih.gov/37573167/,needs review: evidence cited from a figure/table (not checkable in the text layer)
41091504,8,Boolean,Kimi K3 QSP,Yes (site-directed mutants),Not applicable,FN_missed,True,0.0,0.67,False,False,,,False,False,not_found,Not applicable - the paper reports neither HIV sequences from individuals with HIV nor new in vitro susceptibility data.,"Because the paper does not report HIV sequences from individuals with HIV (nor new in vitro susceptibility data), the cloning question is not applicable per the stated rules.",https://pubmed.ncbi.nlm.nih.gov/41091504/,needs review: evidence cited from a figure/table (not checkable in the text layer)
41130593,7,List,GPT-6 Astra QSP,Not provided,2021–2023,FP,True,1.0,,False,False,,,False,False,figure,“aAugust 2021–September 2023; bJune 2021–December 2023; cTwo participants were not included in the RAP due to VL <200 copies/mL or withdrawn consent.”,Figure 3 on page 18 gives the PURPOSE 1 and PURPOSE 2 efficacy-population date ranges as 2021–2023. These provide the baseline/enrollment years for the populations undergoing resistance testing; calendar dates for subsequent individual follow-up samples are not separately specified.,https://pubmed.ncbi.nlm.nih.gov/41130593/,needs review: evidence cited from a figure/table (not checkable in the text layer)
41130593,7,List,Kimi K3 QSP,Not provided,2021–2023,FP,True,0.0,,False,False,,,False,False,figure,"Figure 3 footnotes: aAugust 2021–September 2023; bJune 2021–December 2023 (study periods for PURPOSE 1 and PURPOSE 2, respectively).","The Figure 3 legend dates the P1 period as August 2021–September 2023 and the P2 period as June 2021–December 2023, spanning the period during which incident and baseline infections (and thus sequenced samples) occurred.",https://pubmed.ncbi.nlm.nih.gov/41130593/,needs review: evidence cited from a figure/table (not checkable in the text layer)
37340869,15,List,Kimi K3 QSP,"NNRTI, INSTI","INSTI, NNRTI (prior suppressive oral ART regimens not detailed in this paper)",FN_missed,False,1.0,1.0,False,True,strip_parenthetical_caveat,"INSTI, NNRTI",False,False,main_text,"Cabotegravir (CAB), an integrase strand transfer inhibitor (INSTI), plus rilpivirine (RPV), a nonnucleoside reverse transcriptase inhibitor (NNRTI), is the first complete long-acting (LA), injectable antiretroviral therapy (ART) regimen approved and recommended by treatment guidelines [1, 2].","All participants received cabotegravir (INSTI) plus rilpivirine (NNRTI), and CVF samples were sequenced after this exposure; participants were also on suppressive oral ART before switching, but the classes of those prior regimens are not detailed in this paper.",https://pubmed.ncbi.nlm.nih.gov/37340869/,scoring artifact: cleanup rule fixes it
40763144,10,List,Kimi K3 QSP,"Sanger, NGS",Sanger sequencing and NGS (paper states either Sanger sequencing or next-generation sequencing was used; method per sample not specified),FN_missed,False,1.0,1.0,False,True,strip_parenthetical_caveat,Sanger sequencing and NGS,False,False,main_text,"Sequencing, where individual mutations are identified using either Sanger sequencing or Next generation sequencing is then carried out.","The national HIVDR testing program used either Sanger sequencing or next-generation sequencing; the paper does not specify which method was applied to which samples, so both reported methods are listed.",https://pubmed.ncbi.nlm.nih.gov/40763144/,scoring artifact: cleanup rule fixes it
