pmid,chunk_ids,sections,matched_qids,hit_counts,aggregate_rank_scores,max_scores,pool_chunk_count,prompt_chars,base_prompt_chars
40391923,10|2|3|13|4|7|5|6|11,Drug Resistance in People With Viremia on Dolutegravir-based Antiretroviral Therapy in Sub-Saharan Africa: The DTG RESIST Study > DISCUSSION|Drug Resistance in People With Viremia on Dolutegravir-based Antiretroviral Therapy in Sub-Saharan Africa: The DTG RESIST Study > METHODS|Drug Resistance in People With Viremia on Dolutegravir-based Antiretroviral Therapy in Sub-Saharan Africa: The DTG RESIST Study > RESULTS|Drug Resistance in People With Viremia on Dolutegravir-based Antiretroviral Therapy in Sub-Saharan Africa: The DTG RESIST Study > Notes|Drug Resistance in People With Viremia on Dolutegravir-based Antiretroviral Therapy in Sub-Saharan Africa: The DTG RESIST Study > RESULTS|Drug Resistance in People With Viremia on Dolutegravir-based Antiretroviral Therapy in Sub-Saharan Africa: The DTG RESIST Study > DISCUSSION|Drug Resistance in People With Viremia on Dolutegravir-based Antiretroviral Therapy in Sub-Saharan Africa: The DTG RESIST Study > RESULTS|Drug Resistance in People With Viremia on Dolutegravir-based Antiretroviral Therapy in Sub-Saharan Africa: The DTG RESIST Study > RESULTS|Drug Resistance in People With Viremia on Dolutegravir-based Antiretroviral Therapy in Sub-Saharan Africa: The DTG RESIST Study > DISCUSSION,"2,3,4,5,6,7,8,9,10,11,13,15,16|1,5,6,7,8,9,10,11,12,13,14,15,16|1,5,6,7,8,10,11,12,15,16|1,3,4,9,13,14,15,16|1,3,4,9,12,13,14|2,3,4,5,6,13,14|3,4,5,6,7,8,11|2,7,8,10,11,12|1,2,10,12",13|13|10|8|7|7|7|6|4,0.2103|0.2057|0.1621|0.1293|0.1099|0.1097|0.1091|0.0938|0.0628,6.1747|4.9518|6.7271|7.7439|4.0239|4.5119|2.9931|3.1716|3.0710,9,17809,17877
40400229,3|2|9|4|6|5|1|10,HIV seroconversions and genotypic viral resistance profiles in the PrEP impact trial > METHODS|HIV seroconversions and genotypic viral resistance profiles in the PrEP impact trial > METHODS|HIV seroconversions and genotypic viral resistance profiles in the PrEP impact trial > CONCLUSIONS|HIV seroconversions and genotypic viral resistance profiles in the PrEP impact trial > RESULTS|HIV seroconversions and genotypic viral resistance profiles in the PrEP impact trial > RESULTS|HIV seroconversions and genotypic viral resistance profiles in the PrEP impact trial > RESULTS|HIV seroconversions and genotypic viral resistance profiles in the PrEP impact trial > Abstract|HIV seroconversions and genotypic viral resistance profiles in the PrEP impact trial > CONCLUSIONS > AUTHOR CONTRIBUTIONS,"1,2,3,4,5,6,7,8,9,10,11,12,13,14,15,16|1,2,3,4,5,6,7,8,9,10,11,12,13,14,15,16|2,3,4,5,6,7,8,9,12,14,15,16|3,4,5,6,7,8,9,11,12,13,14|1,8,9,10,12,13,14,15,16|5,6,7,10,11,15,16|2,3,4,10|1,2,11",16|16|12|11|9|7|4|3,0.2597|0.2550|0.1895|0.1722|0.1435|0.1101|0.0628|0.0469,8.1278|6.8145|5.2623|4.2394|6.8638|4.2158|3.7664|3.2354,8,15700,16182
40431710,21|10|20|11|13|12|16|14|15|6|2|18|19,Emergence of Bictegravir Resistance in a Treatment-Experienced PWH on Functional Monotherapy and Rapid Replacement by an Ancient Wild-Type Strain Following Transient Treatment Interruption > 2. Discussion|Emergence of Bictegravir Resistance in a Treatment-Experienced PWH on Functional Monotherapy and Rapid Replacement by an Ancient Wild-Type Strain Following Transient Treatment Interruption > 1. Case Report|Emergence of Bictegravir Resistance in a Treatment-Experienced PWH on Functional Monotherapy and Rapid Replacement by an Ancient Wild-Type Strain Following Transient Treatment Interruption > 2. Discussion|Emergence of Bictegravir Resistance in a Treatment-Experienced PWH on Functional Monotherapy and Rapid Replacement by an Ancient Wild-Type Strain Following Transient Treatment Interruption > 1. Case Report|Emergence of Bictegravir Resistance in a Treatment-Experienced PWH on Functional Monotherapy and Rapid Replacement by an Ancient Wild-Type Strain Following Transient Treatment Interruption > 1. Case Report|Emergence of Bictegravir Resistance in a Treatment-Experienced PWH on Functional Monotherapy and Rapid Replacement by an Ancient Wild-Type Strain Following Transient Treatment Interruption > 1. Case Report|Emergence of Bictegravir Resistance in a Treatment-Experienced PWH on Functional Monotherapy and Rapid Replacement by an Ancient Wild-Type Strain Following Transient Treatment Interruption > 2. Discussion|Emergence of Bictegravir Resistance in a Treatment-Experienced PWH on Functional Monotherapy and Rapid Replacement by an Ancient Wild-Type Strain Following Transient Treatment Interruption > 2. Discussion|Emergence of Bictegravir Resistance in a Treatment-Experienced PWH on Functional Monotherapy and Rapid Replacement by an Ancient Wild-Type Strain Following Transient Treatment Interruption > 2. Discussion|Emergence of Bictegravir Resistance in a Treatment-Experienced PWH on Functional Monotherapy and Rapid Replacement by an Ancient Wild-Type Strain Following Transient Treatment Interruption > 1. Case Report|Emergence of Bictegravir Resistance in a Treatment-Experienced PWH on Functional Monotherapy and Rapid Replacement by an Ancient Wild-Type Strain Following Transient Treatment Interruption > 1. Case Report|Emergence of Bictegravir Resistance in a Treatment-Experienced PWH on Functional Monotherapy and Rapid Replacement by an Ancient Wild-Type Strain Following Transient Treatment Interruption > 2. Discussion|Emergence of Bictegravir Resistance in a Treatment-Experienced PWH on Functional Monotherapy and Rapid Replacement by an Ancient Wild-Type Strain Following Transient Treatment Interruption > 2. Discussion,"1,2,3,4,5,6,7,12,14,15,16|3,4,5,6,7,8,9,10,11,12|1,2,3,4,8,9,10|5,6,8,10,11,12,14|1,5,6,7,8,11|1,5,6,7,8,11|9,12,14,15,16|12,13,14,15,16|2,9,13,15,16|2,13,14|3,4,13|10,15,16|1,2,9",11|10|7|7|6|6|5|5|5|3|3|3|3,0.1772|0.1601|0.1104|0.1099|0.0968|0.0953|0.0809|0.0794|0.0794|0.0474|0.0471|0.0469|0.0466,13.1027|6.5546|5.5464|5.6082|6.5355|5.9747|8.7695|7.6635|6.7140|6.1080|4.0736|7.2982|4.9747,13,26185,27982
40431742,7|5|25|6|22|12|23|14|20|9|1|26|4|24|27|19|21,"Prevalence of Doravirine Resistance Mutations in a Large-Scale HIV-1 Transmitted Drug Resistance Survey in Buenos Aires, Argentina > 2. Materials and Methods > 2.2. Study Population and Proceedings > 2.4. Exclusion Criteria|Prevalence of Doravirine Resistance Mutations in a Large-Scale HIV-1 Transmitted Drug Resistance Survey in Buenos Aires, Argentina > 2. Materials and Methods > 2.2. Study Population and Proceedings > 2.4. Exclusion Criteria|Prevalence of Doravirine Resistance Mutations in a Large-Scale HIV-1 Transmitted Drug Resistance Survey in Buenos Aires, Argentina > 4. Discussion|Prevalence of Doravirine Resistance Mutations in a Large-Scale HIV-1 Transmitted Drug Resistance Survey in Buenos Aires, Argentina > 2. Materials and Methods > 2.2. Study Population and Proceedings > 2.4. Exclusion Criteria|Prevalence of Doravirine Resistance Mutations in a Large-Scale HIV-1 Transmitted Drug Resistance Survey in Buenos Aires, Argentina > 4. Discussion|Prevalence of Doravirine Resistance Mutations in a Large-Scale HIV-1 Transmitted Drug Resistance Survey in Buenos Aires, Argentina > 3. Results > 3.1. Study Population Characteristics|Prevalence of Doravirine Resistance Mutations in a Large-Scale HIV-1 Transmitted Drug Resistance Survey in Buenos Aires, Argentina > 4. Discussion|Prevalence of Doravirine Resistance Mutations in a Large-Scale HIV-1 Transmitted Drug Resistance Survey in Buenos Aires, Argentina > 3. Results > 3.2. Transmitted Drug Resistance Mutations According to WHO List|Prevalence of Doravirine Resistance Mutations in a Large-Scale HIV-1 Transmitted Drug Resistance Survey in Buenos Aires, Argentina > 4. Discussion|Prevalence of Doravirine Resistance Mutations in a Large-Scale HIV-1 Transmitted Drug Resistance Survey in Buenos Aires, Argentina > 2. Materials and Methods > 2.2. Study Population and Proceedings > 2.4. Exclusion Criteria|Prevalence of Doravirine Resistance Mutations in a Large-Scale HIV-1 Transmitted Drug Resistance Survey in Buenos Aires, Argentina|Prevalence of Doravirine Resistance Mutations in a Large-Scale HIV-1 Transmitted Drug Resistance Survey in Buenos Aires, Argentina > 4. Discussion|Prevalence of Doravirine Resistance Mutations in a Large-Scale HIV-1 Transmitted Drug Resistance Survey in Buenos Aires, Argentina > 2. Materials and Methods > 2.2. Study Population and Proceedings > 2.3. Inclusion Criteria|Prevalence of Doravirine Resistance Mutations in a Large-Scale HIV-1 Transmitted Drug Resistance Survey in Buenos Aires, Argentina > 4. Discussion|Prevalence of Doravirine Resistance Mutations in a Large-Scale HIV-1 Transmitted Drug Resistance Survey in Buenos Aires, Argentina > 4. Discussion|Prevalence of Doravirine Resistance Mutations in a Large-Scale HIV-1 Transmitted Drug Resistance Survey in Buenos Aires, Argentina > 4. Discussion|Prevalence of Doravirine Resistance Mutations in a Large-Scale HIV-1 Transmitted Drug Resistance Survey in Buenos Aires, Argentina > 4. Discussion","3,4,5,6,8,9,10,11,12,13,15,16|3,4,5,6,7,9,11,12,13|1,8,9,10,12,13,15,16|3,4,5,6,7,11|1,7,8,12,14,15|1,3,4,8,13|2,14,15,16|3,4,12,14|2,5,6,9|2,10,11|2,7,11|1,2|15,16|14,16|1,14|5,6|8,9",12|9|8|6|6|5|4|4|4|3|3|2|2|2|2|2|2,0.1921|0.1432|0.1268|0.0973|0.0930|0.0807|0.0643|0.0628|0.0623|0.0481|0.0464|0.0325|0.0320|0.0320|0.0318|0.0317|0.0315,8.9020|6.6953|7.4884|4.8493|6.6131|6.4816|9.5826|6.0005|5.6268|4.5428|4.0629|5.8831|7.5881|7.5228|5.6647|4.4360|6.7726,17,31521,32796
40490983,5|2|11|1|4|24|12|10|35|6|9|21|34|32|3|31|38|14|8|39|7|13,"2 METHODS > 2.2 Data management|2 METHODS > 2.1 Study design and setting|3 | RESULTS|HIV drug resistance, early treatment outcomes and impact of guidelines compliance after protease inhibitor-based second-line failure in a dedicated resistance clinic in western Kenya: a retrospective cohort study > Abstract|2 METHODS > 2.1 Study design and setting|4 | DISCUSSION|3 | RESULTS > 3.1 | Drug resistance|2 METHODS > 2.3 Statistical methods|4 | DISCUSSION|2 METHODS > 2.3 Statistical methods|2 METHODS > 2.3 Statistical methods|3 | RESULTS > 3.3 | Resistance and post-genotype VF (H3, H4)|4 | DISCUSSION|4 | DISCUSSION|2 METHODS > 2.1 Study design and setting|4 | DISCUSSION|4 | DISCUSSION|3 | RESULTS > 3.2 Guidelines-supported regimens and post-genotype VF (H1, H2)|2 METHODS > 2.3 Statistical methods|5 CONCLUSIONS|2 METHODS > 2.3 Statistical methods|3 | RESULTS > 3.1 | Drug resistance","1,3,4,5,6,7,8,9,10,11,12,14,16|1,3,4,5,6,9,13,14,15,16|1,7,8,11,15,16|2,3,4,5,6,7|5,6,7,10,12|1,2,11,14|3,4,11,13|1,7,8,10|9,15,16|2,13,14|2,8,10|5,6,9|3,4,12|12,15|14,16|12,15|9,13|11|10|13|2|8",13|10|6|6|5|4|4|4|3|3|3|3|3|2|2|2|2|1|1|1|1|1,0.2085|0.1598|0.0943|0.0925|0.0794|0.0640|0.0640|0.0638|0.0481|0.0479|0.0476|0.0474|0.0469|0.0323|0.0320|0.0320|0.0318|0.0161|0.0156|0.0156|0.0154|0.0154,11.9549|8.4568|7.1307|4.8264|9.6637|7.3696|7.8256|8.0241|8.5127|8.0291|4.5746|6.3983|4.8594|8.6373|9.7221|8.4012|7.8714|1.5478|2.9899|6.6118|3.8845|2.7168,22,34777,50225
40573423,20|2|21|22|3|16|5|18|14|1|17|10|4|19|13,"HIV-1 Genetic Diversity and Transmitted Drug Resistance Mutations in ART-Naive Individuals in South Korea from 2021 to 2024 > 4. Discussion|HIV-1 Genetic Diversity and Transmitted Drug Resistance Mutations in ART-Naive Individuals in South Korea from 2021 to 2024 > 2. Materials and Methods > 2.1. Study Population and Design|HIV-1 Genetic Diversity and Transmitted Drug Resistance Mutations in ART-Naive Individuals in South Korea from 2021 to 2024 > 4. Discussion|HIV-1 Genetic Diversity and Transmitted Drug Resistance Mutations in ART-Naive Individuals in South Korea from 2021 to 2024 > 4. Discussion|HIV-1 Genetic Diversity and Transmitted Drug Resistance Mutations in ART-Naive Individuals in South Korea from 2021 to 2024 > 2. Materials and Methods > 2.2. RNA Extraction, Polymerase Chain Reaction (PCR) Amplification, Sequencing, and Genome Assembly|HIV-1 Genetic Diversity and Transmitted Drug Resistance Mutations in ART-Naive Individuals in South Korea from 2021 to 2024 > 4. Discussion|HIV-1 Genetic Diversity and Transmitted Drug Resistance Mutations in ART-Naive Individuals in South Korea from 2021 to 2024 > 2. Materials and Methods > 2.3. HIV Sequencing and Subtyping|HIV-1 Genetic Diversity and Transmitted Drug Resistance Mutations in ART-Naive Individuals in South Korea from 2021 to 2024 > 4. Discussion|HIV-1 Genetic Diversity and Transmitted Drug Resistance Mutations in ART-Naive Individuals in South Korea from 2021 to 2024 > 4. Discussion|HIV-1 Genetic Diversity and Transmitted Drug Resistance Mutations in ART-Naive Individuals in South Korea from 2021 to 2024|HIV-1 Genetic Diversity and Transmitted Drug Resistance Mutations in ART-Naive Individuals in South Korea from 2021 to 2024 > 4. Discussion|HIV-1 Genetic Diversity and Transmitted Drug Resistance Mutations in ART-Naive Individuals in South Korea from 2021 to 2024 > 3. Results > 3.2. Genetic Diversity|HIV-1 Genetic Diversity and Transmitted Drug Resistance Mutations in ART-Naive Individuals in South Korea from 2021 to 2024 > 2. Materials and Methods > 2.2. RNA Extraction, Polymerase Chain Reaction (PCR) Amplification, Sequencing, and Genome Assembly|HIV-1 Genetic Diversity and Transmitted Drug Resistance Mutations in ART-Naive Individuals in South Korea from 2021 to 2024 > 4. Discussion|HIV-1 Genetic Diversity and Transmitted Drug Resistance Mutations in ART-Naive Individuals in South Korea from 2021 to 2024 > 3. Results > 3.3. Distribution and Characterization of DRMs","1,2,5,6,7,8,10,11,12,13|2,3,4,5,6,7,8,12,14|1,5,6,7,8,10,11,12,14|2,3,4,11,12,14,15,16|8,10,12,15,16|2,9,13,14,16|1,3,4,11|3,4,7,9|5,6,9|13,15,16|9,15,16|3,4,11|1,8,10|7,9,13|1,14",10|9|9|8|5|5|4|4|3|3|3|3|3|3|2,0.1560|0.1445|0.1434|0.1271|0.0799|0.0794|0.0651|0.0628|0.0492|0.0476|0.0476|0.0474|0.0471|0.0464|0.0317,4.9398|8.3813|3.8578|6.6958|4.7996|5.2574|3.3331|5.0494|7.6180|6.5282|5.4903|1.3260|2.7526|4.6629|5.2217,15,27045,27561
40596906,20|5|23|8|16|1|2|17|4|14|12|27|10|6|13|15|21|26,Drug resistance mutations and phylogenetic analysis of HIV-1 subtypes B and F from mothers and children with vertical transmission > Discussion|Drug resistance mutations and phylogenetic analysis of HIV-1 subtypes B and F from mothers and children with vertical transmission > Methods > Data collection|Drug resistance mutations and phylogenetic analysis of HIV-1 subtypes B and F from mothers and children with vertical transmission > Discussion|Drug resistance mutations and phylogenetic analysis of HIV-1 subtypes B and F from mothers and children with vertical transmission > Methods > Data collection > Phylogenetic analysis|Drug resistance mutations and phylogenetic analysis of HIV-1 subtypes B and F from mothers and children with vertical transmission > Discussion|Drug resistance mutations and phylogenetic analysis of HIV-1 subtypes B and F from mothers and children with vertical transmission > Abstract|Drug resistance mutations and phylogenetic analysis of HIV-1 subtypes B and F from mothers and children with vertical transmission > Abstract|Drug resistance mutations and phylogenetic analysis of HIV-1 subtypes B and F from mothers and children with vertical transmission > Discussion|Drug resistance mutations and phylogenetic analysis of HIV-1 subtypes B and F from mothers and children with vertical transmission > Methods > Population|Drug resistance mutations and phylogenetic analysis of HIV-1 subtypes B and F from mothers and children with vertical transmission > Results|Drug resistance mutations and phylogenetic analysis of HIV-1 subtypes B and F from mothers and children with vertical transmission > Results|Drug resistance mutations and phylogenetic analysis of HIV-1 subtypes B and F from mothers and children with vertical transmission > Conclusions > Data availability|Drug resistance mutations and phylogenetic analysis of HIV-1 subtypes B and F from mothers and children with vertical transmission > Results|Drug resistance mutations and phylogenetic analysis of HIV-1 subtypes B and F from mothers and children with vertical transmission > Methods > Data collection > Ethical aspects|Drug resistance mutations and phylogenetic analysis of HIV-1 subtypes B and F from mothers and children with vertical transmission > Results|Drug resistance mutations and phylogenetic analysis of HIV-1 subtypes B and F from mothers and children with vertical transmission > Discussion|Drug resistance mutations and phylogenetic analysis of HIV-1 subtypes B and F from mothers and children with vertical transmission > Discussion|Drug resistance mutations and phylogenetic analysis of HIV-1 subtypes B and F from mothers and children with vertical transmission > Conclusions,"3,4,8,9,10,11,12,14,15,16|1,2,3,4,5,6,7,11,12,13|1,5,6,9,10,13,14,16|1,3,4,5,6,7,10,12|2,9,10,11,12,14,15|2,5,6,7,8,15|2,7,8,11,15|1,9,11,14|8,14,15,16|3,4,13,16|5,6,7,12|1,3,4|8,13|13|16|9|10|2",10|10|8|8|7|6|5|4|4|4|4|3|2|1|1|1|1|1,0.1601|0.1598|0.1268|0.1268|0.1104|0.0945|0.0791|0.0645|0.0643|0.0628|0.0625|0.0482|0.0315|0.0159|0.0159|0.0159|0.0159|0.0156,8.8155|9.4651|6.8530|4.7642|7.2212|7.3926|6.8942|7.1238|8.7902|5.3906|4.2014|9.8380|5.5024|5.4212|5.5315|4.0283|2.9827|2.2558,18,28391,29404
40713598,13|14|3|2|4|8|1|7|5|9|6|11,HIV drug resistance in children and adolescents on NNRTI-based antiretroviral therapy and subsequent virologic response to dolutegravir-based regimens in Ghana > Abstract > Discussion|HIV drug resistance in children and adolescents on NNRTI-based antiretroviral therapy and subsequent virologic response to dolutegravir-based regimens in Ghana > Abstract > Discussion|HIV drug resistance in children and adolescents on NNRTI-based antiretroviral therapy and subsequent virologic response to dolutegravir-based regimens in Ghana > Abstract > Methods|HIV drug resistance in children and adolescents on NNRTI-based antiretroviral therapy and subsequent virologic response to dolutegravir-based regimens in Ghana > Abstract > Methods|HIV drug resistance in children and adolescents on NNRTI-based antiretroviral therapy and subsequent virologic response to dolutegravir-based regimens in Ghana > Abstract > Results > Study population|HIV drug resistance in children and adolescents on NNRTI-based antiretroviral therapy and subsequent virologic response to dolutegravir-based regimens in Ghana > Abstract > Discussion|HIV drug resistance in children and adolescents on NNRTI-based antiretroviral therapy and subsequent virologic response to dolutegravir-based regimens in Ghana > Abstract|HIV drug resistance in children and adolescents on NNRTI-based antiretroviral therapy and subsequent virologic response to dolutegravir-based regimens in Ghana > Abstract > Results > Treatment outcome on dolutegravir-based ART|HIV drug resistance in children and adolescents on NNRTI-based antiretroviral therapy and subsequent virologic response to dolutegravir-based regimens in Ghana > Abstract > Results > HIV-1 drug resistance mutations following virologic failure on NNRTI-based ART|HIV drug resistance in children and adolescents on NNRTI-based antiretroviral therapy and subsequent virologic response to dolutegravir-based regimens in Ghana > Abstract > Discussion|HIV drug resistance in children and adolescents on NNRTI-based antiretroviral therapy and subsequent virologic response to dolutegravir-based regimens in Ghana > Abstract > Results > Resistance prediction to current and alternative treatment options|HIV drug resistance in children and adolescents on NNRTI-based antiretroviral therapy and subsequent virologic response to dolutegravir-based regimens in Ghana > Abstract > Discussion,"3,4,5,6,7,8,9,10,11,13,15,16|1,3,4,5,6,7,8,9,11,13,15,16|1,5,6,7,8,9,10,11,12,13,14|1,7,8,10,11,12,14,15,16|3,4,5,6,7,8,11,12|1,5,6,9,12,13,14|1,3,4,10,12,14|2,3,4,13,14,16|2,15,16|9,15|2,10|2",12|12|11|9|8|7|6|6|3|2|2|1,0.1916|0.1905|0.1750|0.1447|0.1268|0.1099|0.0951|0.0950|0.0474|0.0313|0.0310|0.0164,5.4947|5.6295|6.9484|7.4332|7.2200|6.1150|5.0276|6.6876|4.5927|5.6188|2.5542|3.2481,12,18518,19380
40763144,25|2|6|26|33|27|10|8|14|11|15|32|9|20|24|3|5|7|12,"Prevalence of HIV drug resistance, its correlates and common mutations among people living with HIV failing on ART in northern Uganda: A cross-sectional study > Discussion|Prevalence of HIV drug resistance, its correlates and common mutations among people living with HIV failing on ART in northern Uganda: A cross-sectional study > Abstract > Methods|Prevalence of HIV drug resistance, its correlates and common mutations among people living with HIV failing on ART in northern Uganda: A cross-sectional study > Abstract > Materials and methods > HIV drug resistance testing in Uganda|Prevalence of HIV drug resistance, its correlates and common mutations among people living with HIV failing on ART in northern Uganda: A cross-sectional study > Discussion|Prevalence of HIV drug resistance, its correlates and common mutations among people living with HIV failing on ART in northern Uganda: A cross-sectional study > Discussion|Prevalence of HIV drug resistance, its correlates and common mutations among people living with HIV failing on ART in northern Uganda: A cross-sectional study > Discussion|Prevalence of HIV drug resistance, its correlates and common mutations among people living with HIV failing on ART in northern Uganda: A cross-sectional study > Abstract > Materials and methods > Ethics approval and consent to participate|Prevalence of HIV drug resistance, its correlates and common mutations among people living with HIV failing on ART in northern Uganda: A cross-sectional study > Abstract > Materials and methods > Data collection|Prevalence of HIV drug resistance, its correlates and common mutations among people living with HIV failing on ART in northern Uganda: A cross-sectional study > Abstract > Results > HIV drug resistance across drug classes|Prevalence of HIV drug resistance, its correlates and common mutations among people living with HIV failing on ART in northern Uganda: A cross-sectional study > Abstract > Results|Prevalence of HIV drug resistance, its correlates and common mutations among people living with HIV failing on ART in northern Uganda: A cross-sectional study > Abstract > Results > HIVDR among children and adolescents|Prevalence of HIV drug resistance, its correlates and common mutations among people living with HIV failing on ART in northern Uganda: A cross-sectional study > Discussion|Prevalence of HIV drug resistance, its correlates and common mutations among people living with HIV failing on ART in northern Uganda: A cross-sectional study > Abstract > Materials and methods > Data analysis|Prevalence of HIV drug resistance, its correlates and common mutations among people living with HIV failing on ART in northern Uganda: A cross-sectional study > Abstract > Results > HIVDR mutations among participants|Prevalence of HIV drug resistance, its correlates and common mutations among people living with HIV failing on ART in northern Uganda: A cross-sectional study > Abstract > Results > Factors associated with HIVDR|Prevalence of HIV drug resistance, its correlates and common mutations among people living with HIV failing on ART in northern Uganda: A cross-sectional study > Abstract > Results|Prevalence of HIV drug resistance, its correlates and common mutations among people living with HIV failing on ART in northern Uganda: A cross-sectional study > Abstract > Materials and methods > Study design and participants|Prevalence of HIV drug resistance, its correlates and common mutations among people living with HIV failing on ART in northern Uganda: A cross-sectional study > Abstract > Materials and methods > Operational definitions|Prevalence of HIV drug resistance, its correlates and common mutations among people living with HIV failing on ART in northern Uganda: A cross-sectional study > Abstract > Results > Baseline participant characteristics and HIVDR","3,4,5,6,7,9,10,11,15,16|1,2,3,4,9,13,14,15,16|1,8,10,12,13,14,15,16|3,4,5,6,7,9,10,11|1,2,5,6,8,13,15,16|1,2,5,6,9,14,16|2,5,6,7,10,12|1,2,3,4,10|12,14,15|3,4,12|7,8,13|8,9|8,13|11|11|11|12|14|7",10|9|8|8|8|7|6|5|3|3|3|2|2|1|1|1|1|1|1,0.1580|0.1436|0.1309|0.1298|0.1263|0.1102|0.0950|0.0784|0.0481|0.0474|0.0466|0.0315|0.0310|0.0164|0.0156|0.0154|0.0154|0.0154|0.0154,8.2512|8.5459|14.1012|8.1720|8.4824|9.7428|6.9346|5.6814|10.8369|4.8190|6.0806|6.5359|6.3670|4.2972|3.1879|3.0333|4.2810|5.2017|3.6814,19,27756,39121
40779404,4|5|16|15|1|13|14|10|3|12|6|17|2,Efficacy of Bictegravir/Emtricitabine/Tenofovir Alafenamide in Participants With Preexisting K65R/N in HIV-1 in Phase 2/3/3b Clinical Trials > METHODS > Preexisting Genotypic Analyses|Efficacy of Bictegravir/Emtricitabine/Tenofovir Alafenamide in Participants With Preexisting K65R/N in HIV-1 in Phase 2/3/3b Clinical Trials > METHODS > B/F/TAF Efficacy Analysis|Efficacy of Bictegravir/Emtricitabine/Tenofovir Alafenamide in Participants With Preexisting K65R/N in HIV-1 in Phase 2/3/3b Clinical Trials > DISCUSSION|Efficacy of Bictegravir/Emtricitabine/Tenofovir Alafenamide in Participants With Preexisting K65R/N in HIV-1 in Phase 2/3/3b Clinical Trials > DISCUSSION|Efficacy of Bictegravir/Emtricitabine/Tenofovir Alafenamide in Participants With Preexisting K65R/N in HIV-1 in Phase 2/3/3b Clinical Trials|Efficacy of Bictegravir/Emtricitabine/Tenofovir Alafenamide in Participants With Preexisting K65R/N in HIV-1 in Phase 2/3/3b Clinical Trials > DISCUSSION|Efficacy of Bictegravir/Emtricitabine/Tenofovir Alafenamide in Participants With Preexisting K65R/N in HIV-1 in Phase 2/3/3b Clinical Trials > DISCUSSION|Efficacy of Bictegravir/Emtricitabine/Tenofovir Alafenamide in Participants With Preexisting K65R/N in HIV-1 in Phase 2/3/3b Clinical Trials > RESULTS > Frequency and Detection of Preexisting K65R/N|Efficacy of Bictegravir/Emtricitabine/Tenofovir Alafenamide in Participants With Preexisting K65R/N in HIV-1 in Phase 2/3/3b Clinical Trials > METHODS > Clinical Trial Study Participants|Efficacy of Bictegravir/Emtricitabine/Tenofovir Alafenamide in Participants With Preexisting K65R/N in HIV-1 in Phase 2/3/3b Clinical Trials > RESULTS > Virologic Outcome of B/F/TAF in Participants With Preexisting K65R/N|Efficacy of Bictegravir/Emtricitabine/Tenofovir Alafenamide in Participants With Preexisting K65R/N in HIV-1 in Phase 2/3/3b Clinical Trials > RESULTS > Characteristics and Demographics of Study Participants|Efficacy of Bictegravir/Emtricitabine/Tenofovir Alafenamide in Participants With Preexisting K65R/N in HIV-1 in Phase 2/3/3b Clinical Trials > DISCUSSION|Efficacy of Bictegravir/Emtricitabine/Tenofovir Alafenamide in Participants With Preexisting K65R/N in HIV-1 in Phase 2/3/3b Clinical Trials,"1,3,4,5,6,7,8,9,10,11,12|1,2,3,4,5,6,7,10,13,15|2,3,4,8,9,10,11,12,15,16|2,3,4,8,9,10,12,15,16|2,8,10,12,13,14,15,16|5,6,8,9,11,14,15,16|1,3,4,9,12,13|1,2,5,6,7,11|1,5,6,7,13|13,14,16|7,14|14|11",11|10|10|9|8|8|6|6|5|3|2|1|1,0.1790|0.1583|0.1583|0.1404|0.1286|0.1270|0.0940|0.0933|0.0801|0.0479|0.0315|0.0161|0.0159,8.1559|6.0876|7.0986|7.0769|8.1424|7.8448|3.6960|1.8863|6.6917|5.9457|4.9409|4.8994|0.8113,13,21813,25353
40839365,6|8|5|20|7|9|19|3|16|11|1|17|21|18|15,HIV Drug Resistance to Dolutegravir Among Adults Investigated for Antiretroviral Treatment Failure in Malawi: A 2023 National Cross-Sectional Survey > METHODS > Laboratory Procedures|HIV Drug Resistance to Dolutegravir Among Adults Investigated for Antiretroviral Treatment Failure in Malawi: A 2023 National Cross-Sectional Survey > RESULTS > Genotyping Results|HIV Drug Resistance to Dolutegravir Among Adults Investigated for Antiretroviral Treatment Failure in Malawi: A 2023 National Cross-Sectional Survey > METHODS > Data Collection Procedures|HIV Drug Resistance to Dolutegravir Among Adults Investigated for Antiretroviral Treatment Failure in Malawi: A 2023 National Cross-Sectional Survey > DISCUSSION > Strengths and Limitations|HIV Drug Resistance to Dolutegravir Among Adults Investigated for Antiretroviral Treatment Failure in Malawi: A 2023 National Cross-Sectional Survey > METHODS > Statistical Analysis|HIV Drug Resistance to Dolutegravir Among Adults Investigated for Antiretroviral Treatment Failure in Malawi: A 2023 National Cross-Sectional Survey > RESULTS > Demographic and Clinical Characteristics|HIV Drug Resistance to Dolutegravir Among Adults Investigated for Antiretroviral Treatment Failure in Malawi: A 2023 National Cross-Sectional Survey > DISCUSSION > Strengths and Limitations|HIV Drug Resistance to Dolutegravir Among Adults Investigated for Antiretroviral Treatment Failure in Malawi: A 2023 National Cross-Sectional Survey > METHODS > Study Design and Population|HIV Drug Resistance to Dolutegravir Among Adults Investigated for Antiretroviral Treatment Failure in Malawi: A 2023 National Cross-Sectional Survey > DISCUSSION|HIV Drug Resistance to Dolutegravir Among Adults Investigated for Antiretroviral Treatment Failure in Malawi: A 2023 National Cross-Sectional Survey > RESULTS > Prevalence of DRMs for Drug Classes and DRM Patterns|HIV Drug Resistance to Dolutegravir Among Adults Investigated for Antiretroviral Treatment Failure in Malawi: A 2023 National Cross-Sectional Survey|HIV Drug Resistance to Dolutegravir Among Adults Investigated for Antiretroviral Treatment Failure in Malawi: A 2023 National Cross-Sectional Survey > DISCUSSION|HIV Drug Resistance to Dolutegravir Among Adults Investigated for Antiretroviral Treatment Failure in Malawi: A 2023 National Cross-Sectional Survey > DISCUSSION > Strengths and Limitations|HIV Drug Resistance to Dolutegravir Among Adults Investigated for Antiretroviral Treatment Failure in Malawi: A 2023 National Cross-Sectional Survey > DISCUSSION|HIV Drug Resistance to Dolutegravir Among Adults Investigated for Antiretroviral Treatment Failure in Malawi: A 2023 National Cross-Sectional Survey > DISCUSSION,"1,3,4,5,6,7,8,9,10,11,14|1,5,6,7,8,10,11,12,14,15,16|2,3,4,5,6,7,12,13|1,2,9,10,13,15,16|5,6,8,11,15,16|7,12,14,15,16|2,9,15,16|3,4,10,14|3,4,9,13|1,8,11,12|1,7,10|3,4,9|2,13|2,14|5,6",11|11|8|7|6|5|4|4|4|4|3|3|2|2|2,0.1780|0.1737|0.1273|0.1107|0.0950|0.0807|0.0643|0.0637|0.0633|0.0625|0.0479|0.0462|0.0318|0.0317|0.0312,5.9190|7.1761|7.5249|5.5526|5.7808|7.3788|7.8015|6.0277|4.5910|4.3691|3.6342|4.0687|4.8661|5.4396|3.4286,15,25773,26676
40857111,13|14|16|15|4|9|11|6|5|2|3|10,HIV-1 Resistance Analysis of Participants With HIV-1 and Hepatitis B Receiving Bictegravir/Emtricitabine/Tenofovir Alafenamide or Dolutegravir Plus Emtricitabine/Tenofovir Disoproxil Fumarate Through the Open-Label Extension of the ALLIANCE Study > DISCUSSION|HIV-1 Resistance Analysis of Participants With HIV-1 and Hepatitis B Receiving Bictegravir/Emtricitabine/Tenofovir Alafenamide or Dolutegravir Plus Emtricitabine/Tenofovir Disoproxil Fumarate Through the Open-Label Extension of the ALLIANCE Study > DISCUSSION|HIV-1 Resistance Analysis of Participants With HIV-1 and Hepatitis B Receiving Bictegravir/Emtricitabine/Tenofovir Alafenamide or Dolutegravir Plus Emtricitabine/Tenofovir Disoproxil Fumarate Through the Open-Label Extension of the ALLIANCE Study > DISCUSSION|HIV-1 Resistance Analysis of Participants With HIV-1 and Hepatitis B Receiving Bictegravir/Emtricitabine/Tenofovir Alafenamide or Dolutegravir Plus Emtricitabine/Tenofovir Disoproxil Fumarate Through the Open-Label Extension of the ALLIANCE Study > DISCUSSION|HIV-1 Resistance Analysis of Participants With HIV-1 and Hepatitis B Receiving Bictegravir/Emtricitabine/Tenofovir Alafenamide or Dolutegravir Plus Emtricitabine/Tenofovir Disoproxil Fumarate Through the Open-Label Extension of the ALLIANCE Study > METHODS|HIV-1 Resistance Analysis of Participants With HIV-1 and Hepatitis B Receiving Bictegravir/Emtricitabine/Tenofovir Alafenamide or Dolutegravir Plus Emtricitabine/Tenofovir Disoproxil Fumarate Through the Open-Label Extension of the ALLIANCE Study > RESULTS|HIV-1 Resistance Analysis of Participants With HIV-1 and Hepatitis B Receiving Bictegravir/Emtricitabine/Tenofovir Alafenamide or Dolutegravir Plus Emtricitabine/Tenofovir Disoproxil Fumarate Through the Open-Label Extension of the ALLIANCE Study > RESULTS > End-Of-Study Resistance Analysis|HIV-1 Resistance Analysis of Participants With HIV-1 and Hepatitis B Receiving Bictegravir/Emtricitabine/Tenofovir Alafenamide or Dolutegravir Plus Emtricitabine/Tenofovir Disoproxil Fumarate Through the Open-Label Extension of the ALLIANCE Study > RESULTS|HIV-1 Resistance Analysis of Participants With HIV-1 and Hepatitis B Receiving Bictegravir/Emtricitabine/Tenofovir Alafenamide or Dolutegravir Plus Emtricitabine/Tenofovir Disoproxil Fumarate Through the Open-Label Extension of the ALLIANCE Study > METHODS|HIV-1 Resistance Analysis of Participants With HIV-1 and Hepatitis B Receiving Bictegravir/Emtricitabine/Tenofovir Alafenamide or Dolutegravir Plus Emtricitabine/Tenofovir Disoproxil Fumarate Through the Open-Label Extension of the ALLIANCE Study|HIV-1 Resistance Analysis of Participants With HIV-1 and Hepatitis B Receiving Bictegravir/Emtricitabine/Tenofovir Alafenamide or Dolutegravir Plus Emtricitabine/Tenofovir Disoproxil Fumarate Through the Open-Label Extension of the ALLIANCE Study > METHODS|HIV-1 Resistance Analysis of Participants With HIV-1 and Hepatitis B Receiving Bictegravir/Emtricitabine/Tenofovir Alafenamide or Dolutegravir Plus Emtricitabine/Tenofovir Disoproxil Fumarate Through the Open-Label Extension of the ALLIANCE Study > RESULTS > End-Of-Masked-Treatment Resistance Analysis,"2,3,4,5,6,8,9,11,12,13,14,15,16|1,2,3,4,5,6,8,9,11,12,13|1,3,4,5,6,9,12,13,14|1,2,3,4,5,6,9,13|1,7,10,14,15,16|1,2,7,10,15,16|5,6,7,11,12|3,4,10,15,16|10,14,15,16|7,8,13,14|7,9,11|2,8,12",13|11|9|8|6|6|5|5|4|4|3|3,0.2052|0.1762|0.1444|0.1270|0.0955|0.0951|0.0814|0.0777|0.0635|0.0620|0.0484|0.0474,5.3255|3.7795|7.0473|5.5046|7.8314|5.6764|4.3865|4.7344|6.4677|4.7065|5.8384|2.2810,12,23486,23549
40872801,29|28|11|36|41|3|42|35|40|7|37|44|1|4|10|14|8|9|13|27|30|38,"The Magnitude and Patterns of Acquired Drug Resistance Mutations and Circulating HIV-1 Subtypes in HIV Patients in Tanzania, a Systematic Review and Meta-Analysis > 3. Results > 3.6. Acquired Drug Resistance Mutations|The Magnitude and Patterns of Acquired Drug Resistance Mutations and Circulating HIV-1 Subtypes in HIV Patients in Tanzania, a Systematic Review and Meta-Analysis > 3. Results > 3.6. Acquired Drug Resistance Mutations|The Magnitude and Patterns of Acquired Drug Resistance Mutations and Circulating HIV-1 Subtypes in HIV Patients in Tanzania, a Systematic Review and Meta-Analysis > 3. Results > 3.1. Study Selection|The Magnitude and Patterns of Acquired Drug Resistance Mutations and Circulating HIV-1 Subtypes in HIV Patients in Tanzania, a Systematic Review and Meta-Analysis > 4. Discussion|The Magnitude and Patterns of Acquired Drug Resistance Mutations and Circulating HIV-1 Subtypes in HIV Patients in Tanzania, a Systematic Review and Meta-Analysis > 4. Discussion|The Magnitude and Patterns of Acquired Drug Resistance Mutations and Circulating HIV-1 Subtypes in HIV Patients in Tanzania, a Systematic Review and Meta-Analysis > 2. Materials and Methods > 2.1. Search Strategy|The Magnitude and Patterns of Acquired Drug Resistance Mutations and Circulating HIV-1 Subtypes in HIV Patients in Tanzania, a Systematic Review and Meta-Analysis > 4. Discussion|The Magnitude and Patterns of Acquired Drug Resistance Mutations and Circulating HIV-1 Subtypes in HIV Patients in Tanzania, a Systematic Review and Meta-Analysis > 4. Discussion|The Magnitude and Patterns of Acquired Drug Resistance Mutations and Circulating HIV-1 Subtypes in HIV Patients in Tanzania, a Systematic Review and Meta-Analysis > 4. Discussion|The Magnitude and Patterns of Acquired Drug Resistance Mutations and Circulating HIV-1 Subtypes in HIV Patients in Tanzania, a Systematic Review and Meta-Analysis > 2. Materials and Methods > 2.4. Data Extraction|The Magnitude and Patterns of Acquired Drug Resistance Mutations and Circulating HIV-1 Subtypes in HIV Patients in Tanzania, a Systematic Review and Meta-Analysis > 4. Discussion|The Magnitude and Patterns of Acquired Drug Resistance Mutations and Circulating HIV-1 Subtypes in HIV Patients in Tanzania, a Systematic Review and Meta-Analysis > 6. Limitations|The Magnitude and Patterns of Acquired Drug Resistance Mutations and Circulating HIV-1 Subtypes in HIV Patients in Tanzania, a Systematic Review and Meta-Analysis > Abstract|The Magnitude and Patterns of Acquired Drug Resistance Mutations and Circulating HIV-1 Subtypes in HIV Patients in Tanzania, a Systematic Review and Meta-Analysis > 2. Materials and Methods > 2.2. Inclusion and Exclusion Criteria > 2.2.1. Inclusion Criteria|The Magnitude and Patterns of Acquired Drug Resistance Mutations and Circulating HIV-1 Subtypes in HIV Patients in Tanzania, a Systematic Review and Meta-Analysis > 2. Materials and Methods > 2.6. Data Analysis|The Magnitude and Patterns of Acquired Drug Resistance Mutations and Circulating HIV-1 Subtypes in HIV Patients in Tanzania, a Systematic Review and Meta-Analysis > 3. Results > 3.4. Results of the Meta-Analysis|The Magnitude and Patterns of Acquired Drug Resistance Mutations and Circulating HIV-1 Subtypes in HIV Patients in Tanzania, a Systematic Review and Meta-Analysis > 2. Materials and Methods > 2.5. Risk of Bias Assessment|The Magnitude and Patterns of Acquired Drug Resistance Mutations and Circulating HIV-1 Subtypes in HIV Patients in Tanzania, a Systematic Review and Meta-Analysis > 2. Materials and Methods > 2.6. Data Analysis|The Magnitude and Patterns of Acquired Drug Resistance Mutations and Circulating HIV-1 Subtypes in HIV Patients in Tanzania, a Systematic Review and Meta-Analysis > 3. Results > 3.3. Characteristics of Included Studies|The Magnitude and Patterns of Acquired Drug Resistance Mutations and Circulating HIV-1 Subtypes in HIV Patients in Tanzania, a Systematic Review and Meta-Analysis > 3. Results > 3.5. Virological Failure|The Magnitude and Patterns of Acquired Drug Resistance Mutations and Circulating HIV-1 Subtypes in HIV Patients in Tanzania, a Systematic Review and Meta-Analysis > 3. Results > 3.6. Acquired Drug Resistance Mutations > 3.6.1. Publication Bias Assessment for Drug Resistance Mutations|The Magnitude and Patterns of Acquired Drug Resistance Mutations and Circulating HIV-1 Subtypes in HIV Patients in Tanzania, a Systematic Review and Meta-Analysis > 4. Discussion","1,3,4,5,6,7,8,9,11,12,13,15,16|1,3,4,5,6,7,8,11,13|1,2,5,6,7,10,12,14|5,6,7,8,11,12,15,16|2,5,6,8,9,11,12|3,4,8,10|1,3,4,9|9,15,16|2,9,16|1,2,10|14,15,16|2,7,15|3,4,13|13|10|14|10|14|11|13|12|14",13|9|8|8|7|4|4|3|3|3|3|3|3|1|1|1|1|1|1|1|1|1,0.2098|0.1452|0.1268|0.1268|0.1104|0.0633|0.0630|0.0482|0.0481|0.0474|0.0471|0.0471|0.0464|0.0164|0.0159|0.0159|0.0156|0.0156|0.0154|0.0154|0.0154|0.0154,11.9685|9.6419|11.2412|9.6668|12.0857|5.4470|12.2132|9.9408|9.0226|6.9561|10.4077|8.5876|7.4628|13.4658|4.8840|9.6478|4.7677|8.5347|1.2464|7.3237|5.5481|7.3945,22,34119,56294
40938120,34|36|29|35|6|40|2|21|1|3|39|27|20|41|5|37|11|8|22|38|4|9|28|12|25,"MATERIALS AND METHODS > Study setting and population|MATERIALS AND METHODS > Laboratory testing|Molecular epidemiology and pretreatment drug resistance of HIV-1 among newly diagnosed individuals in Nanning City, Guangxi, China > DISCUSSION|MATERIALS AND METHODS > Laboratory testing|Molecular epidemiology and pretreatment drug resistance of HIV-1 among newly diagnosed individuals in Nanning City, Guangxi, China > RESULTS > Sociodemographic and clinical characteristics of the participants|MATERIALS AND METHODS > Sequence processing and quality control > Statistical analysis|Molecular epidemiology and pretreatment drug resistance of HIV-1 among newly diagnosed individuals in Nanning City, Guangxi, China|Molecular epidemiology and pretreatment drug resistance of HIV-1 among newly diagnosed individuals in Nanning City, Guangxi, China > DISCUSSION|Molecular epidemiology and pretreatment drug resistance of HIV-1 among newly diagnosed individuals in Nanning City, Guangxi, China|Molecular epidemiology and pretreatment drug resistance of HIV-1 among newly diagnosed individuals in Nanning City, Guangxi, China|MATERIALS AND METHODS > Sequence processing and quality control > Molecular transmission network inference|Molecular epidemiology and pretreatment drug resistance of HIV-1 among newly diagnosed individuals in Nanning City, Guangxi, China > DISCUSSION|Molecular epidemiology and pretreatment drug resistance of HIV-1 among newly diagnosed individuals in Nanning City, Guangxi, China > DISCUSSION|MATERIALS AND METHODS > DATA AVAILABILITY|Molecular epidemiology and pretreatment drug resistance of HIV-1 among newly diagnosed individuals in Nanning City, Guangxi, China|MATERIALS AND METHODS > Sequence processing and quality control|Molecular epidemiology and pretreatment drug resistance of HIV-1 among newly diagnosed individuals in Nanning City, Guangxi, China > RESULTS > Characteristics of PDR TCs in molecular networks|Molecular epidemiology and pretreatment drug resistance of HIV-1 among newly diagnosed individuals in Nanning City, Guangxi, China > RESULTS > Characteristics of PDR TCs in molecular networks|Molecular epidemiology and pretreatment drug resistance of HIV-1 among newly diagnosed individuals in Nanning City, Guangxi, China > DISCUSSION|MATERIALS AND METHODS > Sequence processing and quality control > Genotypic resistance analysis|Molecular epidemiology and pretreatment drug resistance of HIV-1 among newly diagnosed individuals in Nanning City, Guangxi, China|Molecular epidemiology and pretreatment drug resistance of HIV-1 among newly diagnosed individuals in Nanning City, Guangxi, China > RESULTS > Characteristics of PDR TCs in molecular networks|Molecular epidemiology and pretreatment drug resistance of HIV-1 among newly diagnosed individuals in Nanning City, Guangxi, China > DISCUSSION|Molecular epidemiology and pretreatment drug resistance of HIV-1 among newly diagnosed individuals in Nanning City, Guangxi, China > RESULTS > Factors associated with PDR|Molecular epidemiology and pretreatment drug resistance of HIV-1 among newly diagnosed individuals in Nanning City, Guangxi, China > DISCUSSION","1,3,4,5,6,7,8,10,11,12,13,15,16|3,4,5,6,7,9,10,11|1,2,3,4,10,12,14|5,6,7,8,10,11|1,11,12,14,16|2,8,10,11|2,15,16|9,12,14|1,13,15|8,9,14|3,4,13|5,6,7|5,6,16|3,4|9,16|1,14|7,8|13|15|2|9|13|15|12|2",13|8|7|6|5|4|3|3|3|3|3|3|3|2|2|2|2|1|1|1|1|1|1|1|1,0.2085|0.1280|0.1105|0.0955|0.0794|0.0633|0.0484|0.0484|0.0479|0.0476|0.0471|0.0469|0.0462|0.0328|0.0318|0.0315|0.0308|0.0161|0.0161|0.0161|0.0156|0.0156|0.0156|0.0154|0.0154,12.1823|7.9354|15.6202|6.7143|8.9780|9.3877|10.8348|10.6502|8.4096|8.8740|5.0555|4.9389|7.0154|17.0237|7.5634|6.9817|4.0365|8.0979|8.6194|5.9418|7.1680|5.6341|8.0812|4.9638|3.2827,25,35853,55787
40938996,41|33|32|43|31|11|40|48|10|25|27|24|20|9|18|1|15|34|23|12|39|2|6|5|29,"Elucidating the mechanism by which HIV-1 nucleocapsid mutations confer resistance to integrase strand transfer inhibitors > MATERIALS AND METHODS > Integration site analysis|Elucidating the mechanism by which HIV-1 nucleocapsid mutations confer resistance to integrase strand transfer inhibitors > MATERIALS AND METHODS > Plasmids|Elucidating the mechanism by which HIV-1 nucleocapsid mutations confer resistance to integrase strand transfer inhibitors > MATERIALS AND METHODS > Cell lines and reagents|Elucidating the mechanism by which HIV-1 nucleocapsid mutations confer resistance to integrase strand transfer inhibitors > MATERIALS AND METHODS > Quantification of viral cDNA in the infected cells|Elucidating the mechanism by which HIV-1 nucleocapsid mutations confer resistance to integrase strand transfer inhibitors > DISCUSSION|Elucidating the mechanism by which HIV-1 nucleocapsid mutations confer resistance to integrase strand transfer inhibitors > RESULTS NC mutations confer resistance to DTG in T cells without apparent fitness costs > NC mutations selected in the presence of DTG maintain viral DNA ends comparable to those of WT|Elucidating the mechanism by which HIV-1 nucleocapsid mutations confer resistance to integrase strand transfer inhibitors > MATERIALS AND METHODS > Integration site analysis|Elucidating the mechanism by which HIV-1 nucleocapsid mutations confer resistance to integrase strand transfer inhibitors > MATERIALS AND METHODS > Long-term propagation of HIV-1 in PBMCs in the presence of DTG|Elucidating the mechanism by which HIV-1 nucleocapsid mutations confer resistance to integrase strand transfer inhibitors > RESULTS NC mutations confer resistance to DTG in T cells without apparent fitness costs > NC mutations selected in the presence of DTG maintain viral DNA ends comparable to those of WT|Elucidating the mechanism by which HIV-1 nucleocapsid mutations confer resistance to integrase strand transfer inhibitors > RESULTS NC mutations confer resistance to DTG in T cells without apparent fitness costs > HIV-1 acquires mutations in Env, NC, and IN in the presence of DTG in primary T cells|Elucidating the mechanism by which HIV-1 nucleocapsid mutations confer resistance to integrase strand transfer inhibitors > DISCUSSION|Elucidating the mechanism by which HIV-1 nucleocapsid mutations confer resistance to integrase strand transfer inhibitors > RESULTS NC mutations confer resistance to DTG in T cells without apparent fitness costs > HIV-1 acquires mutations in Env, NC, and IN in the presence of DTG in primary T cells|Elucidating the mechanism by which HIV-1 nucleocapsid mutations confer resistance to integrase strand transfer inhibitors > RESULTS NC mutations confer resistance to DTG in T cells without apparent fitness costs > NC-G19S does not alter the efficiency or kinetics of uncoating in the nucleus|Elucidating the mechanism by which HIV-1 nucleocapsid mutations confer resistance to integrase strand transfer inhibitors > RESULTS NC mutations confer resistance to DTG in T cells without apparent fitness costs > NC mutations selected in the presence of DTG maintain viral DNA ends comparable to those of WT|Elucidating the mechanism by which HIV-1 nucleocapsid mutations confer resistance to integrase strand transfer inhibitors > RESULTS NC mutations confer resistance to DTG in T cells without apparent fitness costs > NC-G19S does not alter the efficiency or kinetics of uncoating in the nucleus|Elucidating the mechanism by which HIV-1 nucleocapsid mutations confer resistance to integrase strand transfer inhibitors|Elucidating the mechanism by which HIV-1 nucleocapsid mutations confer resistance to integrase strand transfer inhibitors > RESULTS NC mutations confer resistance to DTG in T cells without apparent fitness costs > The NC-G19S mutation selected in the presence of DTG accelerates early postentry events including viral DNA integration|Elucidating the mechanism by which HIV-1 nucleocapsid mutations confer resistance to integrase strand transfer inhibitors > MATERIALS AND METHODS > Plasmids|Elucidating the mechanism by which HIV-1 nucleocapsid mutations confer resistance to integrase strand transfer inhibitors > RESULTS NC mutations confer resistance to DTG in T cells without apparent fitness costs > HIV-1 acquires mutations in Env, NC, and IN in the presence of DTG in primary T cells|Elucidating the mechanism by which HIV-1 nucleocapsid mutations confer resistance to integrase strand transfer inhibitors > RESULTS NC mutations confer resistance to DTG in T cells without apparent fitness costs > NC mutations selected in the presence of DTG maintain viral DNA ends comparable to those of WT|Elucidating the mechanism by which HIV-1 nucleocapsid mutations confer resistance to integrase strand transfer inhibitors > MATERIALS AND METHODS > Sequence analysis of 2-LTR junction|Elucidating the mechanism by which HIV-1 nucleocapsid mutations confer resistance to integrase strand transfer inhibitors > RESULTS NC mutations confer resistance to DTG in T cells without apparent fitness costs|Elucidating the mechanism by which HIV-1 nucleocapsid mutations confer resistance to integrase strand transfer inhibitors > RESULTS NC mutations confer resistance to DTG in T cells without apparent fitness costs > NC mutations selected in the presence of DTG do not disrupt virus assembly or infectivity|Elucidating the mechanism by which HIV-1 nucleocapsid mutations confer resistance to integrase strand transfer inhibitors > RESULTS NC mutations confer resistance to DTG in T cells without apparent fitness costs > NC mutations selected in the presence of DTG do not disrupt virus assembly or infectivity|Elucidating the mechanism by which HIV-1 nucleocapsid mutations confer resistance to integrase strand transfer inhibitors > DISCUSSION","1,3,4,5,6,7,8,11,12,15,16|1,5,6,8,13,14,15,16|1,3,4,5,6,7,11,12|3,4,10,12,14|2,9,12,13|10,13,15,16|5,6,7,11|5,6,7,11|1,12,14|3,4,11|13,15,16|3,4,7|14,16|1,14|9,10|2,9|2,15|8,9|8,10|10|8|13|2|2|9",11|8|8|5|4|4|4|4|3|3|3|3|2|2|2|2|2|2|2|1|1|1|1|1|1,0.1770|0.1280|0.1278|0.0799|0.0643|0.0638|0.0627|0.0618|0.0471|0.0471|0.0469|0.0462|0.0328|0.0323|0.0320|0.0318|0.0315|0.0310|0.0308|0.0164|0.0164|0.0159|0.0159|0.0156|0.0156,7.8201|7.0179|4.9087|4.8719|8.2492|7.2492|4.4013|4.3239|4.3091|3.6441|5.5983|4.1980|8.1613|5.5501|6.6136|10.6324|5.9671|4.9140|3.4894|5.5198|5.7701|4.3737|4.8783|4.8722|6.5963,25,42279,62136
40965168,15|3|12|6|2|21|23|24|4|1|13|20|8|11|7|14|16,Emergence of in-vitro resistance to lenacapavir is similar across HIV-1 subtypes > Results > Resistance emergence and genotypic analyses|Emergence of in-vitro resistance to lenacapavir is similar across HIV-1 subtypes > Materials and methods > Clinical samples|Emergence of in-vitro resistance to lenacapavir is similar across HIV-1 subtypes > Results > Sample cloning and drug susceptibility|Emergence of in-vitro resistance to lenacapavir is similar across HIV-1 subtypes > Materials and methods > Sample cloning|Emergence of in-vitro resistance to lenacapavir is similar across HIV-1 subtypes > Materials and methods > Reagents|Emergence of in-vitro resistance to lenacapavir is similar across HIV-1 subtypes > Discussion|Emergence of in-vitro resistance to lenacapavir is similar across HIV-1 subtypes > Discussion|Emergence of in-vitro resistance to lenacapavir is similar across HIV-1 subtypes > Discussion|Emergence of in-vitro resistance to lenacapavir is similar across HIV-1 subtypes > Materials and methods > Subtype characterization|Emergence of in-vitro resistance to lenacapavir is similar across HIV-1 subtypes|Emergence of in-vitro resistance to lenacapavir is similar across HIV-1 subtypes > Results > Sample cloning and drug susceptibility|Emergence of in-vitro resistance to lenacapavir is similar across HIV-1 subtypes > Results > Codon usage at mutated residues across HIV-1 subtypes|Emergence of in-vitro resistance to lenacapavir is similar across HIV-1 subtypes > Materials and methods > Multicycle phenotypic assay|Emergence of in-vitro resistance to lenacapavir is similar across HIV-1 subtypes > Results|Emergence of in-vitro resistance to lenacapavir is similar across HIV-1 subtypes > Materials and methods > Virus production|Emergence of in-vitro resistance to lenacapavir is similar across HIV-1 subtypes > Results > Breakthrough resistance selection|Emergence of in-vitro resistance to lenacapavir is similar across HIV-1 subtypes > Results > Resistance emergence and genotypic analyses,"3,4,5,6,7,8,10,12,15,16|1,5,6,7,8,11,12,13,14|1,7,8,10,11,12,15,16|3,4,5,6,7,9,11|5,6,7,9,10,11,12|1,3,4,9,12,14|2,9,13,14,15,16|1,2,14,15,16|1,3,4,10,14|2,8,13|2,10,13|5,6,9|3,4|11,13|15,16|8|2",10|9|8|7|7|6|6|5|5|3|3|3|2|2|2|1|1,0.1573|0.1450|0.1283|0.1127|0.1104|0.0966|0.0938|0.0809|0.0784|0.0481|0.0469|0.0466|0.0323|0.0313|0.0312|0.0154|0.0154,5.6752|8.0689|7.8562|6.8459|5.2643|9.2938|7.2728|9.9269|5.7380|6.8032|3.7141|4.3592|4.0915|4.2532|5.2873|3.3473|3.0921,17,26630,35019
40974886,11|18|23|4|8|7|1|13|17|24|19|3|25|26|12|10,"3. Results > 3.2. Repeat archive testing > 3.2.1. Participant clinical and demographic characteristics|4. Discussion|4. Discussion|2. Study design > 2.2. Genotypic data and resistance analyses|3. Results > 3.1. Longitudinal analysis > 3.1.1. Participant clinical, demographic, and genotypic characteristics|2. Study design > 2.3. Participant inclusion, RAM categorization, and statistical analysis > 2.3.2. Repeat archive testing|Detection of HIV-1 drug resistance in RNA and proviral DNA genotyping is variable both longitudinally and during repeat testing\* > ABSTRACT|3. Results > 3.2. Repeat archive testing > 3.2.2. Reproducibility of detection of primary RAMs and other substitutions|4. Discussion|4. Discussion|4. Discussion|2. Study design > 2.1. Study participants|4. Discussion|4. Discussion|3. Results > 3.2. Repeat archive testing > 3.2.2. Reproducibility of detection of primary RAMs and other substitutions|3. Results > 3.1. Longitudinal analysis > 3.1.3. Longitudinal multiple-timepoint analysis: reporting patterns of primary RAMs","1,5,6,7,8,11,12,13,15,16|3,4,5,6,9,12,13,15,16|2,8,9,10,11,12,14,15,16|1,5,6,7,8,10,11,12,15|2,3,4,5,6,7,11,14|1,5,6,7,8,11|1,3,4,9,12,14|2,3,4,14|1,2,14|2,10,13|9,15,16|7,13,16|8,9,13|3,4|10|10",10|9|9|9|8|6|6|4|3|3|3|3|3|2|1|1,0.1613|0.1440|0.1437|0.1427|0.1248|0.0955|0.0948|0.0620|0.0492|0.0484|0.0476|0.0466|0.0466|0.0323|0.0156|0.0154,10.2541|10.8335|9.6757|7.0350|7.0210|6.6780|7.1653|6.3473|8.7359|5.7756|6.7862|5.6161|5.0073|4.8612|2.5990|2.3513,16,26614,44794
41004608,3|30|4|1|32|33|34|5|13|14|10|12|6|15,MATERIALS AND METHODS > Population|DISCUSSION|MATERIALS AND METHODS > Laboratory Methods|Real-world Prevalence of Nonintegrase INSTI Resistance-Associated Mutations and Virological Outcomes in People Who Have Recently Acquired HIV-1 in the United Kingdom|DISCUSSION|DISCUSSION|DISCUSSION|MATERIALS AND METHODS > Laboratory Methods|MATERIALS AND METHODS > Outcomes > Ethics|RESULTS > Population Identification|MATERIALS AND METHODS > Outcomes > Viral Load|MATERIALS AND METHODS > Outcomes > Statistical Analysis|MATERIALS AND METHODS > Outcomes|RESULTS > Demographic and Clinical Characteristics,"1,3,4,5,6,7,8,9,11,12,13,14,15,16|1,3,4,5,6,7,8,9,11,14,15,16|1,2,3,4,5,6,7,8,10,11,12|1,2,5,6,7,8,9,11,12,13|2,3,4,9,10,11,13,15,16|2,3,4,13,14,15,16|1,2,13,15,16|8,10,12|5,6,7|12,14|9|10|10|14",14|12|11|10|9|7|5|3|3|2|1|1|1|1,0.2254|0.1888|0.1747|0.1583|0.1429|0.1114|0.0797|0.0479|0.0462|0.0318|0.0164|0.0159|0.0156|0.0156,11.7487|8.0742|9.5051|7.0581|7.8388|11.1358|13.2165|7.6518|4.4778|8.4048|11.7511|5.7664|5.1682|6.6038,14,21287,37380
41012586,1|7|2|20|3|22|8|11|17|6|23|15|18|4,Virological Effectiveness of Dolutegravir Plus Darunavir in People with Multi-Drug-Resistant HIV: Data from the PRESTIGIO Registry > Abstract|Virological Effectiveness of Dolutegravir Plus Darunavir in People with Multi-Drug-Resistant HIV: Data from the PRESTIGIO Registry > 3. Results > 3.1. 4DR-PWH Included in the Analysis|Virological Effectiveness of Dolutegravir Plus Darunavir in People with Multi-Drug-Resistant HIV: Data from the PRESTIGIO Registry > 2. Materials and Methods|Virological Effectiveness of Dolutegravir Plus Darunavir in People with Multi-Drug-Resistant HIV: Data from the PRESTIGIO Registry > 4. Discussion|Virological Effectiveness of Dolutegravir Plus Darunavir in People with Multi-Drug-Resistant HIV: Data from the PRESTIGIO Registry > 2. Materials and Methods > 2.1. Definitions and Statistical Analysis|Virological Effectiveness of Dolutegravir Plus Darunavir in People with Multi-Drug-Resistant HIV: Data from the PRESTIGIO Registry > 5. Conclusions|Virological Effectiveness of Dolutegravir Plus Darunavir in People with Multi-Drug-Resistant HIV: Data from the PRESTIGIO Registry > 3. Results > 3.2. ART Regimens Included in the Analysis|Virological Effectiveness of Dolutegravir Plus Darunavir in People with Multi-Drug-Resistant HIV: Data from the PRESTIGIO Registry > 3. Results > 3.2. ART Regimens Included in the Analysis|Virological Effectiveness of Dolutegravir Plus Darunavir in People with Multi-Drug-Resistant HIV: Data from the PRESTIGIO Registry > 4. Discussion|Virological Effectiveness of Dolutegravir Plus Darunavir in People with Multi-Drug-Resistant HIV: Data from the PRESTIGIO Registry > 3. Results|Virological Effectiveness of Dolutegravir Plus Darunavir in People with Multi-Drug-Resistant HIV: Data from the PRESTIGIO Registry > 5. Conclusions|Virological Effectiveness of Dolutegravir Plus Darunavir in People with Multi-Drug-Resistant HIV: Data from the PRESTIGIO Registry > 4. Discussion|Virological Effectiveness of Dolutegravir Plus Darunavir in People with Multi-Drug-Resistant HIV: Data from the PRESTIGIO Registry > 4. Discussion|Virological Effectiveness of Dolutegravir Plus Darunavir in People with Multi-Drug-Resistant HIV: Data from the PRESTIGIO Registry > 2. Materials and Methods > 2.1. Definitions and Statistical Analysis,"1,2,3,4,5,6,7,8,11,12,14|1,7,8,9,11,12,13,14,15,16|3,4,7,10,11,13,15|2,5,6,9,15,16|2,3,4,10,12,14|1,3,4,12,13,14|1,3,4,7,10,12|5,6,8,11,16|2,8,9,10|5,6,15,16|1,2,14|7,8,13|9,15,16|5,6",11|10|7|6|6|6|6|5|4|4|3|3|3|2,0.1752|0.1595|0.1127|0.0971|0.0958|0.0940|0.0930|0.0774|0.0643|0.0643|0.0487|0.0471|0.0466|0.0323,4.6949|9.3108|4.6318|6.8321|4.7456|5.3982|3.2600|4.7551|5.5274|6.3778|5.0319|4.9767|5.4509|2.6842,14,25979,27685
41023944,5|4|6|1|22|10|18|20|19|3|15|17|21|26|8|23|16,HIV Dolutegravir resistance and multiclass failure in Mozambique: findings from a real-world cohort > Methods > Study population|HIV Dolutegravir resistance and multiclass failure in Mozambique: findings from a real-world cohort > Methods > Study population|HIV Dolutegravir resistance and multiclass failure in Mozambique: findings from a real-world cohort > Methods > Resistance testing procedures|HIV Dolutegravir resistance and multiclass failure in Mozambique: findings from a real-world cohort > Abstract|HIV Dolutegravir resistance and multiclass failure in Mozambique: findings from a real-world cohort > Discussion > Limitations|HIV Dolutegravir resistance and multiclass failure in Mozambique: findings from a real-world cohort > Results > Study population and baseline characteristics|HIV Dolutegravir resistance and multiclass failure in Mozambique: findings from a real-world cohort > Discussion|HIV Dolutegravir resistance and multiclass failure in Mozambique: findings from a real-world cohort > Discussion|HIV Dolutegravir resistance and multiclass failure in Mozambique: findings from a real-world cohort > Discussion|HIV Dolutegravir resistance and multiclass failure in Mozambique: findings from a real-world cohort > Methods > Study design and setting|HIV Dolutegravir resistance and multiclass failure in Mozambique: findings from a real-world cohort > Results > DTG resistance levels and co-resistance|HIV Dolutegravir resistance and multiclass failure in Mozambique: findings from a real-world cohort > Discussion|HIV Dolutegravir resistance and multiclass failure in Mozambique: findings from a real-world cohort > Discussion|HIV Dolutegravir resistance and multiclass failure in Mozambique: findings from a real-world cohort > Conclusion > Data availability|HIV Dolutegravir resistance and multiclass failure in Mozambique: findings from a real-world cohort > Methods > Statistical analysis|HIV Dolutegravir resistance and multiclass failure in Mozambique: findings from a real-world cohort > Discussion > Public Health Implications|HIV Dolutegravir resistance and multiclass failure in Mozambique: findings from a real-world cohort > Results > Resistance by treatment history,"1,3,4,5,6,7,8,10,11,12,13,15,16|1,3,4,5,6,7,8,10,11,12,15,16|1,3,4,5,6,7,8,10,11,12,14|1,2,3,4,5,6,8,14,15|3,4,5,6,7,9,11|7,12,14,16|1,2,13|9,15,16|9,13,16|9,13,14|11,12,15|13|2|10|10|9|14",13|12|11|9|7|4|3|3|3|3|3|1|1|1|1|1|1,0.2057|0.1900|0.1767|0.1429|0.1148|0.0628|0.0481|0.0479|0.0471|0.0462|0.0462|0.0161|0.0161|0.0161|0.0159|0.0159|0.0156,9.0523|6.7197|8.3244|7.8856|6.6058|7.7770|8.1735|7.8148|5.8115|5.9533|6.6807|5.4601|4.9366|3.9594|3.8329|5.7022|6.0723,17,26706,28470
41029850,1|5|24|3|25|15|20|28|19|14|4|21|2|27|7|8|12|13|16,Acquired HIV-1 drug resistance to reverse transcriptase and protease inhibitors among people failing antiretroviral therapy in Cameroon and implications for future treatment options > Abstract|Acquired HIV-1 drug resistance to reverse transcriptase and protease inhibitors among people failing antiretroviral therapy in Cameroon and implications for future treatment options > Abstract > Methods > Genotypic resistance testing and sequence interpretation and analysis|Acquired HIV-1 drug resistance to reverse transcriptase and protease inhibitors among people failing antiretroviral therapy in Cameroon and implications for future treatment options > Abstract > Discussion|Acquired HIV-1 drug resistance to reverse transcriptase and protease inhibitors among people failing antiretroviral therapy in Cameroon and implications for future treatment options > Abstract > Methods > Study design and study population|Acquired HIV-1 drug resistance to reverse transcriptase and protease inhibitors among people failing antiretroviral therapy in Cameroon and implications for future treatment options > Abstract > Discussion|Acquired HIV-1 drug resistance to reverse transcriptase and protease inhibitors among people failing antiretroviral therapy in Cameroon and implications for future treatment options > Abstract > Discussion|Acquired HIV-1 drug resistance to reverse transcriptase and protease inhibitors among people failing antiretroviral therapy in Cameroon and implications for future treatment options > Abstract > Discussion|Acquired HIV-1 drug resistance to reverse transcriptase and protease inhibitors among people failing antiretroviral therapy in Cameroon and implications for future treatment options > Abstract > Supplementary Information > Data availability|Acquired HIV-1 drug resistance to reverse transcriptase and protease inhibitors among people failing antiretroviral therapy in Cameroon and implications for future treatment options > Abstract > Discussion|Acquired HIV-1 drug resistance to reverse transcriptase and protease inhibitors among people failing antiretroviral therapy in Cameroon and implications for future treatment options > Abstract > Results > Participants on dolutegravir|Acquired HIV-1 drug resistance to reverse transcriptase and protease inhibitors among people failing antiretroviral therapy in Cameroon and implications for future treatment options > Abstract > Methods > Enrolment procedure and data collection|Acquired HIV-1 drug resistance to reverse transcriptase and protease inhibitors among people failing antiretroviral therapy in Cameroon and implications for future treatment options > Abstract > Discussion|Acquired HIV-1 drug resistance to reverse transcriptase and protease inhibitors among people failing antiretroviral therapy in Cameroon and implications for future treatment options > Abstract|Acquired HIV-1 drug resistance to reverse transcriptase and protease inhibitors among people failing antiretroviral therapy in Cameroon and implications for future treatment options > Abstract > Supplementary Information|Acquired HIV-1 drug resistance to reverse transcriptase and protease inhibitors among people failing antiretroviral therapy in Cameroon and implications for future treatment options > Abstract > Methods > Technical definitions|Acquired HIV-1 drug resistance to reverse transcriptase and protease inhibitors among people failing antiretroviral therapy in Cameroon and implications for future treatment options > Abstract > Methods > Data management and statistical analysis|Acquired HIV-1 drug resistance to reverse transcriptase and protease inhibitors among people failing antiretroviral therapy in Cameroon and implications for future treatment options > Abstract > Results > Factors associated with HIVDR|Acquired HIV-1 drug resistance to reverse transcriptase and protease inhibitors among people failing antiretroviral therapy in Cameroon and implications for future treatment options > Abstract > Results > Potentially active drugs|Acquired HIV-1 drug resistance to reverse transcriptase and protease inhibitors among people failing antiretroviral therapy in Cameroon and implications for future treatment options > Abstract > Discussion,"1,3,4,5,6,7,8,9,10,11,12,13,15,16|1,3,4,5,6,7,8,11,12,14|5,6,8,10,12,13,15,16|1,5,6,7,8,11,15,16|2,8,9,10,13,15,16|2,3,4,9,14|5,6,9,11,15|1,2,3,4|2,9,14|7,10,13|13,14|11,16|1,12|3,4|2|10|14|12|7",14|10|8|8|7|5|5|4|3|3|2|2|2|2|1|1|1|1|1,0.2249|0.1588|0.1290|0.1265|0.1114|0.0794|0.0772|0.0645|0.0474|0.0466|0.0325|0.0315|0.0310|0.0308|0.0164|0.0164|0.0154|0.0154|0.0154,10.3697|9.4127|9.7822|6.9200|8.3087|6.6198|6.6223|11.8578|7.3484|5.1488|9.0083|6.2932|4.3095|3.0489|3.6602|5.1560|5.3937|3.6177|2.9959,19,29712,31564
41056006,14|6|16|21|19|17|20|15|3|8|4|18|13|5|22|9|7|2|1|12,RESULTS > Safety > Resistance|METHODS > Procedures > Statistical Analysis|DISCUSSION|DISCUSSION > Data availability statement|DISCUSSION|DISCUSSION|DISCUSSION|DISCUSSION|METHODS > Study Design and Population|RESULTS > Efficacy|METHODS > Procedures|DISCUSSION|RESULTS > Safety|METHODS > Procedures > Endpoints and Assessments|DISCUSSION > Data availability statement|RESULTS > Efficacy|RESULTS > Study Participants|Abstract|Abstract|RESULTS > Safety,"1,5,6,7,8,9,11,12,14,15,16|2,3,4,5,6,9,10,15,16|2,5,6,8,11,15,16|1,2,3,4,12,13|1,3,4,9,12,14|2,10,13,14,15,16|1,3,4,8,12,13|5,6,11,12,14|7,9,14|5,6,10|1,7,9|10,13,16|3,4,11|7,13|7,8|10|11|2|15|8",11|9|7|6|6|6|6|5|3|3|3|3|3|2|2|1|1|1|1|1,0.1765|0.1427|0.1114|0.0973|0.0966|0.0953|0.0953|0.0786|0.0484|0.0472|0.0471|0.0471|0.0462|0.0313|0.0313|0.0161|0.0159|0.0156|0.0154|0.0154,5.2264|7.6785|5.7281|4.9413|8.3046|6.9941|4.7250|5.1799|6.7760|2.6866|5.5411|4.5952|1.3593|3.6656|2.6028|1.2143|0.6604|2.3295|4.2894|0.8675,20,33364,33989
41057785,24|28|29|5|27|1|25|26|17|6|23|10|2|22|11|13|15|30|4,Prevalence of drug resistance mutations and their association with time to virological failure in people living with HIV in Uganda > Discussion|Prevalence of drug resistance mutations and their association with time to virological failure in people living with HIV in Uganda > Discussion|Prevalence of drug resistance mutations and their association with time to virological failure in people living with HIV in Uganda > Discussion > Limitations|Prevalence of drug resistance mutations and their association with time to virological failure in people living with HIV in Uganda > Methods and materials > Study site and population|Prevalence of drug resistance mutations and their association with time to virological failure in people living with HIV in Uganda > Discussion|Prevalence of drug resistance mutations and their association with time to virological failure in people living with HIV in Uganda > Abstract|Prevalence of drug resistance mutations and their association with time to virological failure in people living with HIV in Uganda > Discussion|Prevalence of drug resistance mutations and their association with time to virological failure in people living with HIV in Uganda > Discussion|Prevalence of drug resistance mutations and their association with time to virological failure in people living with HIV in Uganda > Discussion|Prevalence of drug resistance mutations and their association with time to virological failure in people living with HIV in Uganda > Methods and materials > Data collection and management|Prevalence of drug resistance mutations and their association with time to virological failure in people living with HIV in Uganda > Discussion|Prevalence of drug resistance mutations and their association with time to virological failure in people living with HIV in Uganda > Methods and materials > Data analysis|Prevalence of drug resistance mutations and their association with time to virological failure in people living with HIV in Uganda > Abstract|Prevalence of drug resistance mutations and their association with time to virological failure in people living with HIV in Uganda > Discussion|Prevalence of drug resistance mutations and their association with time to virological failure in people living with HIV in Uganda > Results|Prevalence of drug resistance mutations and their association with time to virological failure in people living with HIV in Uganda > Results > Prevalence of drug resistance mutations across ART regimen drug classes > Prevalence of specific mutations in four different ART classes|Prevalence of drug resistance mutations and their association with time to virological failure in people living with HIV in Uganda > Results > Survival estimates for drug resistance mutations across ART regimen drug classes|Prevalence of drug resistance mutations and their association with time to virological failure in people living with HIV in Uganda > Conclusion|Prevalence of drug resistance mutations and their association with time to virological failure in people living with HIV in Uganda > Methods and materials > Study design,"1,5,6,8,10,11,13,14,16|5,6,9,12,13,14,15,16|3,4,5,6,8,9,13,16|3,4,7,11,12,13,14|3,4,7,11,12,13,14|1,2,3,4,8,10|1,2,5,6,14|8,9,12,15,16|3,4,5,6,9|1,2,7,8|2,15,16|9,10|7,10|2,15|7,11|11,15|12|10|1",9|8|8|7|7|6|5|5|5|4|3|2|2|2|2|2|1|1|1,0.1450|0.1263|0.1255|0.1107|0.1096|0.0933|0.0807|0.0802|0.0799|0.0638|0.0481|0.0323|0.0320|0.0320|0.0317|0.0315|0.0164|0.0159|0.0156,6.7368|7.5567|6.4267|5.2728|6.0051|4.1391|6.8017|7.3901|8.7112|7.6220|7.5219|5.9778|3.0219|7.3451|2.5804|6.4474|5.5636|2.4703|3.1068,19,28329,33147
41088231,5|7|23|20|1|17|24|4|14|11|22|18|21|19|9|2|12|8,"Molecular characterization of a unique Recombinant form of HIV-1 subtype F2/ CRF02_AG identified in Guangdong, China > Abstract > Methods > Nucleic acid extraction, amplification, sequencing, and sequence assembly|Molecular characterization of a unique Recombinant form of HIV-1 subtype F2/ CRF02_AG identified in Guangdong, China > Abstract > Methods > Analysis of the source of parental strains|Molecular characterization of a unique Recombinant form of HIV-1 subtype F2/ CRF02_AG identified in Guangdong, China > Discussion|Molecular characterization of a unique Recombinant form of HIV-1 subtype F2/ CRF02_AG identified in Guangdong, China > Discussion|Molecular characterization of a unique Recombinant form of HIV-1 subtype F2/ CRF02_AG identified in Guangdong, China > Abstract|Molecular characterization of a unique Recombinant form of HIV-1 subtype F2/ CRF02_AG identified in Guangdong, China > Discussion|Molecular characterization of a unique Recombinant form of HIV-1 subtype F2/ CRF02_AG identified in Guangdong, China > Conclusions|Molecular characterization of a unique Recombinant form of HIV-1 subtype F2/ CRF02_AG identified in Guangdong, China > Abstract > Methods > Source of the specimen|Molecular characterization of a unique Recombinant form of HIV-1 subtype F2/ CRF02_AG identified in Guangdong, China > Results > Prediction of drug resistance mutations and tropism|Molecular characterization of a unique Recombinant form of HIV-1 subtype F2/ CRF02_AG identified in Guangdong, China > Results > Recombinant breakpoint and subregion phylogenetic analysis|Molecular characterization of a unique Recombinant form of HIV-1 subtype F2/ CRF02_AG identified in Guangdong, China > Discussion|Molecular characterization of a unique Recombinant form of HIV-1 subtype F2/ CRF02_AG identified in Guangdong, China > Discussion|Molecular characterization of a unique Recombinant form of HIV-1 subtype F2/ CRF02_AG identified in Guangdong, China > Discussion|Molecular characterization of a unique Recombinant form of HIV-1 subtype F2/ CRF02_AG identified in Guangdong, China > Discussion|Molecular characterization of a unique Recombinant form of HIV-1 subtype F2/ CRF02_AG identified in Guangdong, China > Results > Common characteristics and phylogenetic analysis of the NFLG sequence|Molecular characterization of a unique Recombinant form of HIV-1 subtype F2/ CRF02_AG identified in Guangdong, China > Abstract|Molecular characterization of a unique Recombinant form of HIV-1 subtype F2/ CRF02_AG identified in Guangdong, China > Results > The source of the parental strains|Molecular characterization of a unique Recombinant form of HIV-1 subtype F2/ CRF02_AG identified in Guangdong, China > Abstract > Methods > Drug resistance and genotypic co-receptor analysis","3,4,5,6,7,8,10,11,12,14,15,16|1,5,6,7,8,10,11,12|3,4,7,8,10,11,15,16|1,5,6,7,8,13|2,3,4,10,11|2,12,13,15,16|1,2,13,14|9,12,14,15|9,14,16|3,4,9|5,6,12|13,15,16|1,9,14|5,6,13|3,4|2,7|8,11|10",12|8|8|6|5|5|4|4|3|3|3|3|3|3|2|2|2|1,0.1916|0.1291|0.1260|0.0925|0.0789|0.0786|0.0645|0.0643|0.0484|0.0484|0.0479|0.0479|0.0469|0.0466|0.0328|0.0323|0.0312|0.0161,7.5159|6.3408|5.8467|3.6108|5.0481|6.5020|7.2786|7.8349|7.7500|4.5257|4.6121|6.5922|4.3309|3.2400|7.1953|4.8101|2.3405|3.9201,18,29947,31736
41091504,2|44|11|13|22|9|36|30|34|18|33|1|6|7|42|12|5|4|19|3|14|31|39|41|17|23,Predicting the Impact of Drug Resistance Mutations on Inhibitor Potency with Molecular Dynamics and Machine Learning|Predicting the Impact of Drug Resistance Mutations on Inhibitor Potency with Molecular Dynamics and Machine Learning > 4. CONCLUSIONS|Predicting the Impact of Drug Resistance Mutations on Inhibitor Potency with Molecular Dynamics and Machine Learning > 2. COMPUTATIONAL METHODS|Predicting the Impact of Drug Resistance Mutations on Inhibitor Potency with Molecular Dynamics and Machine Learning > 2. COMPUTATIONAL METHODS|Predicting the Impact of Drug Resistance Mutations on Inhibitor Potency with Molecular Dynamics and Machine Learning > 3. RESULTS AND DISCUSSION|Predicting the Impact of Drug Resistance Mutations on Inhibitor Potency with Molecular Dynamics and Machine Learning > 2. COMPUTATIONAL METHODS|Predicting the Impact of Drug Resistance Mutations on Inhibitor Potency with Molecular Dynamics and Machine Learning > 3. RESULTS AND DISCUSSION|Predicting the Impact of Drug Resistance Mutations on Inhibitor Potency with Molecular Dynamics and Machine Learning > 3. RESULTS AND DISCUSSION|Predicting the Impact of Drug Resistance Mutations on Inhibitor Potency with Molecular Dynamics and Machine Learning > 3. RESULTS AND DISCUSSION|Predicting the Impact of Drug Resistance Mutations on Inhibitor Potency with Molecular Dynamics and Machine Learning > 3. RESULTS AND DISCUSSION|Predicting the Impact of Drug Resistance Mutations on Inhibitor Potency with Molecular Dynamics and Machine Learning > 3. RESULTS AND DISCUSSION|Predicting the Impact of Drug Resistance Mutations on Inhibitor Potency with Molecular Dynamics and Machine Learning|Predicting the Impact of Drug Resistance Mutations on Inhibitor Potency with Molecular Dynamics and Machine Learning > 2. COMPUTATIONAL METHODS|Predicting the Impact of Drug Resistance Mutations on Inhibitor Potency with Molecular Dynamics and Machine Learning > 2. COMPUTATIONAL METHODS|Predicting the Impact of Drug Resistance Mutations on Inhibitor Potency with Molecular Dynamics and Machine Learning > 4. CONCLUSIONS|Predicting the Impact of Drug Resistance Mutations on Inhibitor Potency with Molecular Dynamics and Machine Learning > 2. COMPUTATIONAL METHODS|Predicting the Impact of Drug Resistance Mutations on Inhibitor Potency with Molecular Dynamics and Machine Learning > 2. COMPUTATIONAL METHODS|Predicting the Impact of Drug Resistance Mutations on Inhibitor Potency with Molecular Dynamics and Machine Learning > 2. COMPUTATIONAL METHODS|Predicting the Impact of Drug Resistance Mutations on Inhibitor Potency with Molecular Dynamics and Machine Learning > 3. RESULTS AND DISCUSSION|Predicting the Impact of Drug Resistance Mutations on Inhibitor Potency with Molecular Dynamics and Machine Learning > 2. COMPUTATIONAL METHODS|Predicting the Impact of Drug Resistance Mutations on Inhibitor Potency with Molecular Dynamics and Machine Learning > 2. COMPUTATIONAL METHODS|Predicting the Impact of Drug Resistance Mutations on Inhibitor Potency with Molecular Dynamics and Machine Learning > 3. RESULTS AND DISCUSSION|Predicting the Impact of Drug Resistance Mutations on Inhibitor Potency with Molecular Dynamics and Machine Learning > 3. RESULTS AND DISCUSSION|Predicting the Impact of Drug Resistance Mutations on Inhibitor Potency with Molecular Dynamics and Machine Learning > 4. CONCLUSIONS|Predicting the Impact of Drug Resistance Mutations on Inhibitor Potency with Molecular Dynamics and Machine Learning > 2. COMPUTATIONAL METHODS|Predicting the Impact of Drug Resistance Mutations on Inhibitor Potency with Molecular Dynamics and Machine Learning > 3. RESULTS AND DISCUSSION,"1,2,5,6,7,8,11,12,13,14|8,9,10,13,14,15,16|3,4,5,6,7,8,11|3,4,7,8,11|5,6,10,12|3,4,15,16|1,5,6,13|9,15,16|1,2,14|5,6,8|1,2,14|1,12,14|13,15,16|3,4,7|9,10,15|3,4,7|13,16|10,12|9|2|12|9|11|2|10|11",10|7|7|5|4|4|4|3|3|3|3|3|3|3|3|3|2|2|1|1|1|1|1|1|1|1,0.1614|0.1129|0.1101|0.0807|0.0640|0.0640|0.0618|0.0484|0.0484|0.0481|0.0474|0.0471|0.0469|0.0469|0.0466|0.0462|0.0315|0.0315|0.0164|0.0161|0.0159|0.0159|0.0159|0.0156|0.0154|0.0154,10.7151|6.9698|2.7343|3.8662|4.7478|5.5257|4.1219|7.3165|5.0870|4.7886|4.7291|3.2860|5.0181|1.8086|5.3541|1.7858|4.9853|3.7341|5.2601|4.9705|2.4743|4.3826|2.8049|4.3574|3.2149|1.1153,26,46686,52046
41093949,5|25|19|11|21|6|7|10|22|3|1|17|23|9|26|15|4|24|8,In vitro comparison of the susceptibilities of the same drug resistance mutations to reverse-transcriptase inhibitors of subtype B and CRF01_AE HIV-1 strains > Materials and methods > Selection of RTI DRMs|Discussion|In vitro comparison of the susceptibilities of the same drug resistance mutations to reverse-transcriptase inhibitors of subtype B and CRF01_AE HIV-1 strains > Results > Susceptibilities of strains with single NNRTI DRMs to NNRTIs|In vitro comparison of the susceptibilities of the same drug resistance mutations to reverse-transcriptase inhibitors of subtype B and CRF01_AE HIV-1 strains > Results > Screening of DRMs associated with RTIs|Discussion|In vitro comparison of the susceptibilities of the same drug resistance mutations to reverse-transcriptase inhibitors of subtype B and CRF01_AE HIV-1 strains > Materials and methods > Construction of infectious clones containing resistance mutation sites|In vitro comparison of the susceptibilities of the same drug resistance mutations to reverse-transcriptase inhibitors of subtype B and CRF01_AE HIV-1 strains > Materials and methods > Packaging of HIV-1 derived viruses and  \(\mathrm{TCID}_{50}\)  determination|In vitro comparison of the susceptibilities of the same drug resistance mutations to reverse-transcriptase inhibitors of subtype B and CRF01_AE HIV-1 strains > Materials and methods > Statistical analysis|Discussion|In vitro comparison of the susceptibilities of the same drug resistance mutations to reverse-transcriptase inhibitors of subtype B and CRF01_AE HIV-1 strains > Materials and methods > Reverse transcriptase inhibitors|In vitro comparison of the susceptibilities of the same drug resistance mutations to reverse-transcriptase inhibitors of subtype B and CRF01_AE HIV-1 strains|In vitro comparison of the susceptibilities of the same drug resistance mutations to reverse-transcriptase inhibitors of subtype B and CRF01_AE HIV-1 strains > Results > Susceptibility of single DRMs to NRTIs|Discussion|In vitro comparison of the susceptibilities of the same drug resistance mutations to reverse-transcriptase inhibitors of subtype B and CRF01_AE HIV-1 strains > Materials and methods > Assessment of the phenotypic resistance of HIV-1 strains to RTIs|Data availability|In vitro comparison of the susceptibilities of the same drug resistance mutations to reverse-transcriptase inhibitors of subtype B and CRF01_AE HIV-1 strains > Results > Susceptibility of single DRMs to NRTIs|In vitro comparison of the susceptibilities of the same drug resistance mutations to reverse-transcriptase inhibitors of subtype B and CRF01_AE HIV-1 strains > Materials and methods > Cell culture|Discussion|In vitro comparison of the susceptibilities of the same drug resistance mutations to reverse-transcriptase inhibitors of subtype B and CRF01_AE HIV-1 strains > Materials and methods > Packaging of HIV-1 derived viruses and  \(\mathrm{TCID}_{50}\)  determination,"1,2,3,4,5,6,7,9,12,14,15|2,3,4,9,12,13,14,15,16|2,3,4,5,6,7,9,11,12|1,3,4,5,6,7,8,14|9,10,12,14,15,16|8,10,12,15,16|8,10,11,15,16|1,2,5,6|1,9,13|7,14,16|7,8,11|2,5,6|11,13|8,10|1,13|3,4|11|13|10",11|9|9|8|6|5|5|4|3|3|3|3|2|2|2|2|1|1|1,0.1749|0.1445|0.1436|0.1294|0.0938|0.0807|0.0786|0.0640|0.0474|0.0471|0.0469|0.0462|0.0318|0.0310|0.0310|0.0308|0.0164|0.0164|0.0161,7.5246|7.1253|5.5986|6.5969|5.4302|5.6079|3.8298|6.3423|4.2050|6.1187|2.0995|4.2590|2.8747|1.9496|3.0927|2.4134|3.2149|7.3496|2.5458,19,31198,33057
41112839,2|5|24|4|14|1|21|20|12|11|3|22|23|7|16|25,HIV-1 genetic diversity and pretreatment drug resistance survey prior to dolutegravir introduction in Senegal > ABSTRACT|HIV-1 genetic diversity and pretreatment drug resistance survey prior to dolutegravir introduction in Senegal > Material and methodology > Genomic amplification and sequencing|HIV-1 genetic diversity and pretreatment drug resistance survey prior to dolutegravir introduction in Senegal > Discussion|HIV-1 genetic diversity and pretreatment drug resistance survey prior to dolutegravir introduction in Senegal > Material and methodology > Sample collection|HIV-1 genetic diversity and pretreatment drug resistance survey prior to dolutegravir introduction in Senegal > Results > Genotyping results|HIV-1 genetic diversity and pretreatment drug resistance survey prior to dolutegravir introduction in Senegal > ABSTRACT|HIV-1 genetic diversity and pretreatment drug resistance survey prior to dolutegravir introduction in Senegal > Discussion|HIV-1 genetic diversity and pretreatment drug resistance survey prior to dolutegravir introduction in Senegal > Discussion|HIV-1 genetic diversity and pretreatment drug resistance survey prior to dolutegravir introduction in Senegal > Results > Characteristics of patients and specimens|HIV-1 genetic diversity and pretreatment drug resistance survey prior to dolutegravir introduction in Senegal > Material and methodology > Statistical analysis|HIV-1 genetic diversity and pretreatment drug resistance survey prior to dolutegravir introduction in Senegal > Material and methodology > Site selection and study population|HIV-1 genetic diversity and pretreatment drug resistance survey prior to dolutegravir introduction in Senegal > Discussion|HIV-1 genetic diversity and pretreatment drug resistance survey prior to dolutegravir introduction in Senegal > Discussion|HIV-1 genetic diversity and pretreatment drug resistance survey prior to dolutegravir introduction in Senegal > Material and methodology > Phylogenetic analysis|HIV-1 genetic diversity and pretreatment drug resistance survey prior to dolutegravir introduction in Senegal > Results > Phylogenetic analysis|HIV-1 genetic diversity and pretreatment drug resistance survey prior to dolutegravir introduction in Senegal > Conclusion,"3,4,5,6,7,9,11,12,14,15,16|3,4,5,6,7,9,10,11|2,3,4,8,10,12,15,16|1,2,8,10,11,14,15,16|1,2,5,6,7,11,12,15|2,8,10,12,13,15|5,6,8,9,13,16|1,3,4,13,14|1,7,8,11|3,4,14|7,13,16|10,12,13|5,6,9|1,14|9|2",11|8|8|8|8|6|6|5|4|3|3|3|3|2|1|1,0.1752|0.1293|0.1286|0.1268|0.1253|0.0966|0.0940|0.0784|0.0633|0.0487|0.0474|0.0466|0.0464|0.0320|0.0161|0.0159,9.0624|6.5345|10.1219|7.9106|7.3063|8.4137|6.4624|7.0737|8.5428|14.4239|6.7957|4.7015|5.0486|6.1050|5.4562|3.5601,16,25145,31960
41129268,5|23|3|1|7|8|11|22|19|4|6|21|10|16|12|14|15,Abstract > Methods|Abstract > Discussion:|Abstract > Methods|Abstract|Abstract > Methods|Abstract > Methods|Abstract > Results|Abstract > Discussion:|Abstract > Discussion:|Abstract > Methods|Abstract > Methods|Abstract > Discussion:|Abstract > Methods|Abstract > Results|Abstract > Results|Abstract > Results|Abstract > Results,"1,3,4,5,6,7,8,10,11,12,14,15,16|1,3,4,5,6,7,9,11,12,13,14|1,3,4,5,6,7,8,11,12,14|1,7,8,9,10,12|2,3,4,14,15,16|2,3,4,14,15,16|1,5,6,7,8,11|9,13,15,16|2,13,15,16|8,10,11|5,6,13|9,13|9,10|2|12|2|10",13|11|10|6|6|6|6|4|4|3|3|2|2|1|1|1|1,0.2085|0.1767|0.1603|0.0955|0.0945|0.0940|0.0935|0.0648|0.0628|0.0484|0.0462|0.0325|0.0310|0.0156|0.0154|0.0154|0.0154,13.4357|12.1767|11.8122|9.3441|10.3979|10.6431|10.6445|12.8499|8.9949|6.6930|6.8708|11.3690|4.9387|4.5165|6.4745|4.4586|3.2674,17,29203,47864
41130593,4|18|3|1|17|19|20|5|15|9|8|16|11|13|14|22|21,"Resistance Analyses of Lenacapavir, Emtricitabine/Tenofovir Alafenamide and Emtricitabine/Tenofovir Disoproxil Fumarate in the PURPOSE 1 and 2 Studies > METHODS|Resistance Analyses of Lenacapavir, Emtricitabine/Tenofovir Alafenamide and Emtricitabine/Tenofovir Disoproxil Fumarate in the PURPOSE 1 and 2 Studies > DISCUSSION|Resistance Analyses of Lenacapavir, Emtricitabine/Tenofovir Alafenamide and Emtricitabine/Tenofovir Disoproxil Fumarate in the PURPOSE 1 and 2 Studies > METHODS|Resistance Analyses of Lenacapavir, Emtricitabine/Tenofovir Alafenamide and Emtricitabine/Tenofovir Disoproxil Fumarate in the PURPOSE 1 and 2 Studies|Resistance Analyses of Lenacapavir, Emtricitabine/Tenofovir Alafenamide and Emtricitabine/Tenofovir Disoproxil Fumarate in the PURPOSE 1 and 2 Studies > DISCUSSION|Resistance Analyses of Lenacapavir, Emtricitabine/Tenofovir Alafenamide and Emtricitabine/Tenofovir Disoproxil Fumarate in the PURPOSE 1 and 2 Studies > DISCUSSION|Resistance Analyses of Lenacapavir, Emtricitabine/Tenofovir Alafenamide and Emtricitabine/Tenofovir Disoproxil Fumarate in the PURPOSE 1 and 2 Studies > DISCUSSION|Resistance Analyses of Lenacapavir, Emtricitabine/Tenofovir Alafenamide and Emtricitabine/Tenofovir Disoproxil Fumarate in the PURPOSE 1 and 2 Studies > METHODS|Resistance Analyses of Lenacapavir, Emtricitabine/Tenofovir Alafenamide and Emtricitabine/Tenofovir Disoproxil Fumarate in the PURPOSE 1 and 2 Studies > DISCUSSION|Resistance Analyses of Lenacapavir, Emtricitabine/Tenofovir Alafenamide and Emtricitabine/Tenofovir Disoproxil Fumarate in the PURPOSE 1 and 2 Studies > RESULTS > Purpose 2|Resistance Analyses of Lenacapavir, Emtricitabine/Tenofovir Alafenamide and Emtricitabine/Tenofovir Disoproxil Fumarate in the PURPOSE 1 and 2 Studies > RESULTS > Purpose 1|Resistance Analyses of Lenacapavir, Emtricitabine/Tenofovir Alafenamide and Emtricitabine/Tenofovir Disoproxil Fumarate in the PURPOSE 1 and 2 Studies > DISCUSSION|Resistance Analyses of Lenacapavir, Emtricitabine/Tenofovir Alafenamide and Emtricitabine/Tenofovir Disoproxil Fumarate in the PURPOSE 1 and 2 Studies > RESULTS > Purpose 2|Resistance Analyses of Lenacapavir, Emtricitabine/Tenofovir Alafenamide and Emtricitabine/Tenofovir Disoproxil Fumarate in the PURPOSE 1 and 2 Studies > DISCUSSION|Resistance Analyses of Lenacapavir, Emtricitabine/Tenofovir Alafenamide and Emtricitabine/Tenofovir Disoproxil Fumarate in the PURPOSE 1 and 2 Studies > DISCUSSION|Resistance Analyses of Lenacapavir, Emtricitabine/Tenofovir Alafenamide and Emtricitabine/Tenofovir Disoproxil Fumarate in the PURPOSE 1 and 2 Studies > DISCUSSION|Resistance Analyses of Lenacapavir, Emtricitabine/Tenofovir Alafenamide and Emtricitabine/Tenofovir Disoproxil Fumarate in the PURPOSE 1 and 2 Studies > DISCUSSION","1,5,6,7,8,10,11,12,13,14,15,16|2,3,4,5,6,7,8,9,11,13,15|1,3,4,5,6,7,8,9,11,12|2,3,4,5,6,10|9,12,14,15,16|2,3,4,11,13|2,3,4,13|1,7,12,14|5,6,9,16|7,10,11,12|2,15,16|9,10,13|10,15,16|1,14|1,14|8|8",12|11|10|6|5|5|4|4|4|4|3|3|3|2|2|1|1,0.1962|0.1762|0.1575|0.0935|0.0796|0.0794|0.0640|0.0633|0.0628|0.0625|0.0474|0.0471|0.0469|0.0315|0.0310|0.0161|0.0154,14.7213|10.9410|9.2298|4.2173|9.4319|6.5272|5.8323|8.5195|9.3567|4.2162|8.0343|7.6334|7.5140|7.1196|7.0641|5.7834|3.2653,17,31853,37251
41140464,24|3|4|2|22|17|18|25|1|12|23|11|19|5|7|20|16|6,The Genetic Diversity and Drug Resistance Patterns of HIV-1 Pol Gene in East Africa > 6. Limitations|The Genetic Diversity and Drug Resistance Patterns of HIV-1 Pol Gene in East Africa > 2. Materials and Methods|The Genetic Diversity and Drug Resistance Patterns of HIV-1 Pol Gene in East Africa > 3. Results|The Genetic Diversity and Drug Resistance Patterns of HIV-1 Pol Gene in East Africa > 2. Materials and Methods|The Genetic Diversity and Drug Resistance Patterns of HIV-1 Pol Gene in East Africa > 4. Discussion|The Genetic Diversity and Drug Resistance Patterns of HIV-1 Pol Gene in East Africa > 4. Discussion|The Genetic Diversity and Drug Resistance Patterns of HIV-1 Pol Gene in East Africa > 4. Discussion|The Genetic Diversity and Drug Resistance Patterns of HIV-1 Pol Gene in East Africa > 6. Limitations > Data Availability Statement|The Genetic Diversity and Drug Resistance Patterns of HIV-1 Pol Gene in East Africa|The Genetic Diversity and Drug Resistance Patterns of HIV-1 Pol Gene in East Africa > 3. Results|The Genetic Diversity and Drug Resistance Patterns of HIV-1 Pol Gene in East Africa > 5. Conclusion|The Genetic Diversity and Drug Resistance Patterns of HIV-1 Pol Gene in East Africa > 3. Results|The Genetic Diversity and Drug Resistance Patterns of HIV-1 Pol Gene in East Africa > 4. Discussion|The Genetic Diversity and Drug Resistance Patterns of HIV-1 Pol Gene in East Africa > 3. Results|The Genetic Diversity and Drug Resistance Patterns of HIV-1 Pol Gene in East Africa > 3. Results|The Genetic Diversity and Drug Resistance Patterns of HIV-1 Pol Gene in East Africa > 4. Discussion|The Genetic Diversity and Drug Resistance Patterns of HIV-1 Pol Gene in East Africa > 4. Discussion|The Genetic Diversity and Drug Resistance Patterns of HIV-1 Pol Gene in East Africa > 3. Results,"1,2,3,4,5,6,7,8,9,11,12,13,14,15,16|1,3,4,5,6,9,10,12,13,14,16|1,3,4,5,6,7,11,15,16|1,2,3,4,7,11,12,13|8,10,12,15,16|8,9,11,14,15|5,6,8,9|2,7,10|1,3,4|12,15,16|10,14|5,6|2,13|7,10|14|13|9|11",15|11|9|8|5|5|4|3|3|3|2|2|2|2|1|1|1|1,0.2436|0.1744|0.1424|0.1281|0.0797|0.0789|0.0625|0.0484|0.0466|0.0466|0.0315|0.0312|0.0310|0.0308|0.0161|0.0161|0.0159|0.0156,10.1832|9.4626|5.3153|9.4499|4.9418|6.1031|7.0852|4.7554|3.6978|5.1296|4.8967|3.2767|4.5812|1.8690|5.0722|4.8031|6.7543|0.8639,18,29573,30553
