pmid,chunk_ids,sections,matched_qids,hit_counts,aggregate_rank_scores,max_scores,pool_chunk_count,prompt_chars,base_prompt_chars,embedding_model
40391923,2|13|10|3|6|9|4|12|5,Drug Resistance in People With Viremia on Dolutegravir-based Antiretroviral Therapy in Sub-Saharan Africa: The DTG RESIST Study > METHODS|Drug Resistance in People With Viremia on Dolutegravir-based Antiretroviral Therapy in Sub-Saharan Africa: The DTG RESIST Study > Notes|Drug Resistance in People With Viremia on Dolutegravir-based Antiretroviral Therapy in Sub-Saharan Africa: The DTG RESIST Study > DISCUSSION|Drug Resistance in People With Viremia on Dolutegravir-based Antiretroviral Therapy in Sub-Saharan Africa: The DTG RESIST Study > RESULTS|Drug Resistance in People With Viremia on Dolutegravir-based Antiretroviral Therapy in Sub-Saharan Africa: The DTG RESIST Study > RESULTS|Drug Resistance in People With Viremia on Dolutegravir-based Antiretroviral Therapy in Sub-Saharan Africa: The DTG RESIST Study > DISCUSSION|Drug Resistance in People With Viremia on Dolutegravir-based Antiretroviral Therapy in Sub-Saharan Africa: The DTG RESIST Study > RESULTS|Drug Resistance in People With Viremia on Dolutegravir-based Antiretroviral Therapy in Sub-Saharan Africa: The DTG RESIST Study > Supplementary Data|Drug Resistance in People With Viremia on Dolutegravir-based Antiretroviral Therapy in Sub-Saharan Africa: The DTG RESIST Study > RESULTS,"1,2,3,4,5,6,7,8,9,10,11,12,13,14,15,16|1,2,3,4,5,6,7,8,9,10,11,12,13,14,16|1,2,3,4,5,6,7,8,9,10,11,12,13,14,15|1,5,6,7,8,9,10,11,12,13,14,15,16|7,10,11,15,16|1,2,5,6|3,4,12|8,13|15,16",16|15|15|13|5|4|3|2|2,0.2587|0.2379|0.2362|0.2100|0.0789|0.0615|0.0471|0.0315|0.0313,0.5381|0.5043|0.5349|0.5334|0.4597|0.4472|0.4664|0.3748|0.4567,9,17109,17877,text-embedding-3-small
40400229,3|7|2|6|4|5|1,HIV seroconversions and genotypic viral resistance profiles in the PrEP impact trial > METHODS|HIV seroconversions and genotypic viral resistance profiles in the PrEP impact trial > RESULTS|HIV seroconversions and genotypic viral resistance profiles in the PrEP impact trial > METHODS|HIV seroconversions and genotypic viral resistance profiles in the PrEP impact trial > RESULTS|HIV seroconversions and genotypic viral resistance profiles in the PrEP impact trial > RESULTS|HIV seroconversions and genotypic viral resistance profiles in the PrEP impact trial > RESULTS|HIV seroconversions and genotypic viral resistance profiles in the PrEP impact trial > Abstract,"1,2,3,4,5,6,7,8,9,10,11,12,13,14,15,16|1,3,4,5,6,7,8,9,10,11,12,13,14,15,16|1,2,5,6,7,8,9,10,11,13,15,16|2,3,4,5,6,7,8,9,11,12,14|1,3,4,7,9,12,13,14|2,8,10,11,12,15,16|1,2,3,4,14",16|15|12|11|8|7|5,0.2576|0.2384|0.1932|0.1742|0.1253|0.1094|0.0787,0.5389|0.5296|0.5005|0.4872|0.5161|0.4687|0.4977,7,14592,16182,text-embedding-3-small
40431710,10|11|12|9|8|20|2|21|13|3|5|17|19,Emergence of Bictegravir Resistance in a Treatment-Experienced PWH on Functional Monotherapy and Rapid Replacement by an Ancient Wild-Type Strain Following Transient Treatment Interruption > 1. Case Report|Emergence of Bictegravir Resistance in a Treatment-Experienced PWH on Functional Monotherapy and Rapid Replacement by an Ancient Wild-Type Strain Following Transient Treatment Interruption > 1. Case Report|Emergence of Bictegravir Resistance in a Treatment-Experienced PWH on Functional Monotherapy and Rapid Replacement by an Ancient Wild-Type Strain Following Transient Treatment Interruption > 1. Case Report|Emergence of Bictegravir Resistance in a Treatment-Experienced PWH on Functional Monotherapy and Rapid Replacement by an Ancient Wild-Type Strain Following Transient Treatment Interruption > 1. Case Report|Emergence of Bictegravir Resistance in a Treatment-Experienced PWH on Functional Monotherapy and Rapid Replacement by an Ancient Wild-Type Strain Following Transient Treatment Interruption > 1. Case Report|Emergence of Bictegravir Resistance in a Treatment-Experienced PWH on Functional Monotherapy and Rapid Replacement by an Ancient Wild-Type Strain Following Transient Treatment Interruption > 2. Discussion|Emergence of Bictegravir Resistance in a Treatment-Experienced PWH on Functional Monotherapy and Rapid Replacement by an Ancient Wild-Type Strain Following Transient Treatment Interruption > 1. Case Report|Emergence of Bictegravir Resistance in a Treatment-Experienced PWH on Functional Monotherapy and Rapid Replacement by an Ancient Wild-Type Strain Following Transient Treatment Interruption > 2. Discussion|Emergence of Bictegravir Resistance in a Treatment-Experienced PWH on Functional Monotherapy and Rapid Replacement by an Ancient Wild-Type Strain Following Transient Treatment Interruption > 1. Case Report|Emergence of Bictegravir Resistance in a Treatment-Experienced PWH on Functional Monotherapy and Rapid Replacement by an Ancient Wild-Type Strain Following Transient Treatment Interruption > 1. Case Report|Emergence of Bictegravir Resistance in a Treatment-Experienced PWH on Functional Monotherapy and Rapid Replacement by an Ancient Wild-Type Strain Following Transient Treatment Interruption > 1. Case Report|Emergence of Bictegravir Resistance in a Treatment-Experienced PWH on Functional Monotherapy and Rapid Replacement by an Ancient Wild-Type Strain Following Transient Treatment Interruption > 2. Discussion|Emergence of Bictegravir Resistance in a Treatment-Experienced PWH on Functional Monotherapy and Rapid Replacement by an Ancient Wild-Type Strain Following Transient Treatment Interruption > 2. Discussion,"3,4,5,6,7,8,10,11,12,13,14,15,16|1,3,4,5,6,7,8,9,10,11,12,14|1,3,4,5,6,7,8,9,10,11,12|2,5,6,7,8,10,11,13,15,16|2,5,6,7,8,9,10,11,15,16|1,2,13,14,15,16|3,4,9,12|1,13,14|1,12,14|3,4,9|13,16|2,15|2",13|12|11|10|10|6|4|3|3|3|2|2|1,0.2032|0.1908|0.1790|0.1595|0.1593|0.0943|0.0637|0.0489|0.0472|0.0462|0.0318|0.0310|0.0156,0.5573|0.5659|0.5390|0.4712|0.5012|0.5659|0.5222|0.5689|0.5776|0.4899|0.4169|0.4470|0.4608,13,26403,27982,text-embedding-3-small
40431742,7|5|9|6|4|8|12|27|18|29|3|11|2|26,"Prevalence of Doravirine Resistance Mutations in a Large-Scale HIV-1 Transmitted Drug Resistance Survey in Buenos Aires, Argentina > 2. Materials and Methods > 2.2. Study Population and Proceedings > 2.4. Exclusion Criteria|Prevalence of Doravirine Resistance Mutations in a Large-Scale HIV-1 Transmitted Drug Resistance Survey in Buenos Aires, Argentina > 2. Materials and Methods > 2.2. Study Population and Proceedings > 2.4. Exclusion Criteria|Prevalence of Doravirine Resistance Mutations in a Large-Scale HIV-1 Transmitted Drug Resistance Survey in Buenos Aires, Argentina > 2. Materials and Methods > 2.2. Study Population and Proceedings > 2.4. Exclusion Criteria|Prevalence of Doravirine Resistance Mutations in a Large-Scale HIV-1 Transmitted Drug Resistance Survey in Buenos Aires, Argentina > 2. Materials and Methods > 2.2. Study Population and Proceedings > 2.4. Exclusion Criteria|Prevalence of Doravirine Resistance Mutations in a Large-Scale HIV-1 Transmitted Drug Resistance Survey in Buenos Aires, Argentina > 2. Materials and Methods > 2.2. Study Population and Proceedings > 2.3. Inclusion Criteria|Prevalence of Doravirine Resistance Mutations in a Large-Scale HIV-1 Transmitted Drug Resistance Survey in Buenos Aires, Argentina > 2. Materials and Methods > 2.2. Study Population and Proceedings > 2.4. Exclusion Criteria|Prevalence of Doravirine Resistance Mutations in a Large-Scale HIV-1 Transmitted Drug Resistance Survey in Buenos Aires, Argentina > 3. Results > 3.1. Study Population Characteristics|Prevalence of Doravirine Resistance Mutations in a Large-Scale HIV-1 Transmitted Drug Resistance Survey in Buenos Aires, Argentina > 4. Discussion|Prevalence of Doravirine Resistance Mutations in a Large-Scale HIV-1 Transmitted Drug Resistance Survey in Buenos Aires, Argentina > 3. Results > 3.5. Predicted Efficacy of NNRTI Drugs|Prevalence of Doravirine Resistance Mutations in a Large-Scale HIV-1 Transmitted Drug Resistance Survey in Buenos Aires, Argentina > 4. Discussion|Prevalence of Doravirine Resistance Mutations in a Large-Scale HIV-1 Transmitted Drug Resistance Survey in Buenos Aires, Argentina > 2. Materials and Methods > 2.2. Study Population and Proceedings|Prevalence of Doravirine Resistance Mutations in a Large-Scale HIV-1 Transmitted Drug Resistance Survey in Buenos Aires, Argentina > 2. Materials and Methods > 2.2. Study Population and Proceedings > 2.6. Ethical Statement|Prevalence of Doravirine Resistance Mutations in a Large-Scale HIV-1 Transmitted Drug Resistance Survey in Buenos Aires, Argentina > 2. Materials and Methods > 2.1. Study Design|Prevalence of Doravirine Resistance Mutations in a Large-Scale HIV-1 Transmitted Drug Resistance Survey in Buenos Aires, Argentina > 4. Discussion","1,2,3,4,5,6,7,8,9,10,11,12,14,15,16|1,3,4,5,6,7,8,9,10,11,12,13,14,15,16|1,2,7,8,9,10,11,14,15,16|1,5,6,7,8,10,11,12,16|3,4,5,6,7,12,15|2,3,4,9,15,16|3,4,9,12,14|1,5,6,11|2,10|13,14|8,13|13|13|2",15|15|10|9|7|6|5|4|2|2|2|1|1|1,0.2451|0.2404|0.1550|0.1436|0.1084|0.0950|0.0779|0.0623|0.0318|0.0317|0.0310|0.0164|0.0161|0.0156,0.6608|0.6088|0.5573|0.5662|0.5751|0.5272|0.5746|0.5107|0.5080|0.5612|0.3945|0.5223|0.4406|0.4873,14,22050,32796,text-embedding-3-small
40490983,5|11|12|15|4|19|41|38|6|27|16|7|25|2|31|13|23,"2 METHODS > 2.2 Data management|3 | RESULTS|3 | RESULTS > 3.1 | Drug resistance|3 | RESULTS > 3.2 Guidelines-supported regimens and post-genotype VF (H1, H2)|2 METHODS > 2.1 Study design and setting|3 | RESULTS > 3.3 | Resistance and post-genotype VF (H3, H4)|5 CONCLUSIONS > DATA AVAILABILITY STATEMENT > SUPPORTING INFORMATION|4 | DISCUSSION|2 METHODS > 2.3 Statistical methods|4 | DISCUSSION|3 | RESULTS > 3.2 Guidelines-supported regimens and post-genotype VF (H1, H2)|2 METHODS > 2.3 Statistical methods|4 | DISCUSSION|2 METHODS > 2.1 Study design and setting|4 | DISCUSSION|3 | RESULTS > 3.1 | Drug resistance|3 | RESULTS > 3.3 | Resistance and post-genotype VF (H3, H4)","1,2,3,4,5,6,7,8,9,10,11,12,13,14,16|1,3,4,5,6,7,8,9,10,11,12,14,15,16|1,3,4,9,11,12,14,15,16|5,6,7,8,10,11,15,16|5,6,7,8,10,12,13|5,6,10,11,15|2,3,4,7,9|1,2,8,13|2,9,12|2,13|3,4|13|15|1|14|16|14",15|14|9|8|7|5|5|4|3|2|2|1|1|1|1|1|1,0.2436|0.2250|0.1414|0.1291|0.1094|0.0779|0.0774|0.0625|0.0472|0.0318|0.0312|0.0161|0.0159|0.0156|0.0156|0.0154|0.0154,0.5954|0.5692|0.5248|0.5289|0.4947|0.4763|0.4702|0.4678|0.5026|0.4841|0.4650|0.3984|0.4853|0.4441|0.5088|0.4492|0.5026,17,24060,50225,text-embedding-3-small
40573423,3|5|21|10|4|6|14|7|11|9|12|18|8|22|1,"HIV-1 Genetic Diversity and Transmitted Drug Resistance Mutations in ART-Naive Individuals in South Korea from 2021 to 2024 > 2. Materials and Methods > 2.2. RNA Extraction, Polymerase Chain Reaction (PCR) Amplification, Sequencing, and Genome Assembly|HIV-1 Genetic Diversity and Transmitted Drug Resistance Mutations in ART-Naive Individuals in South Korea from 2021 to 2024 > 2. Materials and Methods > 2.3. HIV Sequencing and Subtyping|HIV-1 Genetic Diversity and Transmitted Drug Resistance Mutations in ART-Naive Individuals in South Korea from 2021 to 2024 > 4. Discussion|HIV-1 Genetic Diversity and Transmitted Drug Resistance Mutations in ART-Naive Individuals in South Korea from 2021 to 2024 > 3. Results > 3.2. Genetic Diversity|HIV-1 Genetic Diversity and Transmitted Drug Resistance Mutations in ART-Naive Individuals in South Korea from 2021 to 2024 > 2. Materials and Methods > 2.2. RNA Extraction, Polymerase Chain Reaction (PCR) Amplification, Sequencing, and Genome Assembly|HIV-1 Genetic Diversity and Transmitted Drug Resistance Mutations in ART-Naive Individuals in South Korea from 2021 to 2024 > 2. Materials and Methods > 2.4. HIV Drug Resistance Analysis|HIV-1 Genetic Diversity and Transmitted Drug Resistance Mutations in ART-Naive Individuals in South Korea from 2021 to 2024 > 4. Discussion|HIV-1 Genetic Diversity and Transmitted Drug Resistance Mutations in ART-Naive Individuals in South Korea from 2021 to 2024 > 2. Materials and Methods > 2.4. HIV Drug Resistance Analysis|HIV-1 Genetic Diversity and Transmitted Drug Resistance Mutations in ART-Naive Individuals in South Korea from 2021 to 2024 > 3. Results > 3.3. Distribution and Characterization of DRMs|HIV-1 Genetic Diversity and Transmitted Drug Resistance Mutations in ART-Naive Individuals in South Korea from 2021 to 2024 > 3. Results > 3.1. Study Population|HIV-1 Genetic Diversity and Transmitted Drug Resistance Mutations in ART-Naive Individuals in South Korea from 2021 to 2024 > 3. Results > 3.3. Distribution and Characterization of DRMs|HIV-1 Genetic Diversity and Transmitted Drug Resistance Mutations in ART-Naive Individuals in South Korea from 2021 to 2024 > 4. Discussion|HIV-1 Genetic Diversity and Transmitted Drug Resistance Mutations in ART-Naive Individuals in South Korea from 2021 to 2024 > 2. Materials and Methods > 2.5. Ethical Approval|HIV-1 Genetic Diversity and Transmitted Drug Resistance Mutations in ART-Naive Individuals in South Korea from 2021 to 2024 > 4. Discussion|HIV-1 Genetic Diversity and Transmitted Drug Resistance Mutations in ART-Naive Individuals in South Korea from 2021 to 2024","1,3,4,5,6,7,8,9,10,11,12,15,16|1,3,4,5,6,7,8,9,10,11,12,14,16|1,2,5,6,7,8,9,11,12,13,14,16|1,3,4,5,6,9,11,12|5,6,7,8,10,11|2,3,4,10,15,16|1,3,4,9,12,14|2,10,15,16|2,13,15|7,13|2,15|8,13|13|14|14",13|13|12|8|6|6|6|4|3|2|2|2|1|1|1,0.2103|0.2090|0.1895|0.1255|0.0960|0.0948|0.0935|0.0630|0.0481|0.0313|0.0308|0.0308|0.0164|0.0161|0.0154,0.5686|0.6182|0.6032|0.5264|0.4681|0.5215|0.5404|0.4872|0.5115|0.3459|0.4849|0.3282|0.4132|0.5441|0.5171,15,26097,27561,text-embedding-3-small
40596906,5|27|8|14|7|19|13|12|20|9|25|6|4|11|2|22|16,Drug resistance mutations and phylogenetic analysis of HIV-1 subtypes B and F from mothers and children with vertical transmission > Methods > Data collection|Drug resistance mutations and phylogenetic analysis of HIV-1 subtypes B and F from mothers and children with vertical transmission > Conclusions > Data availability|Drug resistance mutations and phylogenetic analysis of HIV-1 subtypes B and F from mothers and children with vertical transmission > Methods > Data collection > Phylogenetic analysis|Drug resistance mutations and phylogenetic analysis of HIV-1 subtypes B and F from mothers and children with vertical transmission > Results|Drug resistance mutations and phylogenetic analysis of HIV-1 subtypes B and F from mothers and children with vertical transmission > Methods > Data collection > Determination of HIV-1 subtypes and antiretroviral resistance|Drug resistance mutations and phylogenetic analysis of HIV-1 subtypes B and F from mothers and children with vertical transmission > Discussion|Drug resistance mutations and phylogenetic analysis of HIV-1 subtypes B and F from mothers and children with vertical transmission > Results|Drug resistance mutations and phylogenetic analysis of HIV-1 subtypes B and F from mothers and children with vertical transmission > Results|Drug resistance mutations and phylogenetic analysis of HIV-1 subtypes B and F from mothers and children with vertical transmission > Discussion|Drug resistance mutations and phylogenetic analysis of HIV-1 subtypes B and F from mothers and children with vertical transmission > Methods > Data collection > Recombination analysis|Drug resistance mutations and phylogenetic analysis of HIV-1 subtypes B and F from mothers and children with vertical transmission > Discussion|Drug resistance mutations and phylogenetic analysis of HIV-1 subtypes B and F from mothers and children with vertical transmission > Methods > Data collection > Ethical aspects|Drug resistance mutations and phylogenetic analysis of HIV-1 subtypes B and F from mothers and children with vertical transmission > Methods > Population|Drug resistance mutations and phylogenetic analysis of HIV-1 subtypes B and F from mothers and children with vertical transmission > Results|Drug resistance mutations and phylogenetic analysis of HIV-1 subtypes B and F from mothers and children with vertical transmission > Abstract|Drug resistance mutations and phylogenetic analysis of HIV-1 subtypes B and F from mothers and children with vertical transmission > Discussion|Drug resistance mutations and phylogenetic analysis of HIV-1 subtypes B and F from mothers and children with vertical transmission > Discussion,"1,2,3,4,5,6,7,8,9,10,11,12,13,14,15,16|1,3,4,5,6,7,8,9,10,11,12,14,15,16|1,3,4,5,6,7,8,10,11,12|1,3,4,5,6,9,12,14|1,2,3,4,9,11,12|2,10,15,16|5,6,15,16|7,8,16|9,14|10,11|7,8|13|13|2|15|13|2",16|14|10|8|7|4|4|3|2|2|2|1|1|1|1|1|1,0.2597|0.2256|0.1578|0.1248|0.1101|0.0640|0.0618|0.0462|0.0313|0.0312|0.0312|0.0164|0.0161|0.0161|0.0159|0.0159|0.0156,0.6708|0.6725|0.5379|0.5607|0.5562|0.4763|0.4428|0.4313|0.5572|0.4044|0.3990|0.5022|0.3595|0.4339|0.4590|0.3418|0.4313,17,27483,29404,text-embedding-3-small
40713598,2|4|14|13|11|3|5|15|10|8,HIV drug resistance in children and adolescents on NNRTI-based antiretroviral therapy and subsequent virologic response to dolutegravir-based regimens in Ghana > Abstract > Methods|HIV drug resistance in children and adolescents on NNRTI-based antiretroviral therapy and subsequent virologic response to dolutegravir-based regimens in Ghana > Abstract > Results > Study population|HIV drug resistance in children and adolescents on NNRTI-based antiretroviral therapy and subsequent virologic response to dolutegravir-based regimens in Ghana > Abstract > Discussion|HIV drug resistance in children and adolescents on NNRTI-based antiretroviral therapy and subsequent virologic response to dolutegravir-based regimens in Ghana > Abstract > Discussion|HIV drug resistance in children and adolescents on NNRTI-based antiretroviral therapy and subsequent virologic response to dolutegravir-based regimens in Ghana > Abstract > Discussion|HIV drug resistance in children and adolescents on NNRTI-based antiretroviral therapy and subsequent virologic response to dolutegravir-based regimens in Ghana > Abstract > Methods|HIV drug resistance in children and adolescents on NNRTI-based antiretroviral therapy and subsequent virologic response to dolutegravir-based regimens in Ghana > Abstract > Results > HIV-1 drug resistance mutations following virologic failure on NNRTI-based ART|HIV drug resistance in children and adolescents on NNRTI-based antiretroviral therapy and subsequent virologic response to dolutegravir-based regimens in Ghana > Abstract > Discussion > Data availability|HIV drug resistance in children and adolescents on NNRTI-based antiretroviral therapy and subsequent virologic response to dolutegravir-based regimens in Ghana > Abstract > Discussion|HIV drug resistance in children and adolescents on NNRTI-based antiretroviral therapy and subsequent virologic response to dolutegravir-based regimens in Ghana > Abstract > Discussion,"1,2,3,4,5,6,7,8,9,10,11,12,14,15,16|1,3,4,5,6,7,8,9,10,11,12,13,15,16|1,2,3,4,5,6,8,9,10,11,12,14|1,3,4,7,9,10,12,13,14,15,16|2,5,6,7,8,11,13,15,16|1,2,3,4,12,13|5,6,9,10,15,16|7,8,11,13|2,14|14",15|14|12|11|9|6|6|4|2|1,0.2438|0.2259|0.1888|0.1719|0.1432|0.0948|0.0925|0.0632|0.0310|0.0154,0.6151|0.5849|0.5449|0.5257|0.5451|0.4795|0.4441|0.3990|0.5125|0.5065,10,14522,19380,text-embedding-3-small
40763144,8|22|6|17|19|10|33|23|18|2|14|29|12|15|11|20|3,"Prevalence of HIV drug resistance, its correlates and common mutations among people living with HIV failing on ART in northern Uganda: A cross-sectional study > Abstract > Materials and methods > Data collection|Prevalence of HIV drug resistance, its correlates and common mutations among people living with HIV failing on ART in northern Uganda: A cross-sectional study > Abstract > Results > HIVDR mutations among participants|Prevalence of HIV drug resistance, its correlates and common mutations among people living with HIV failing on ART in northern Uganda: A cross-sectional study > Abstract > Materials and methods > HIV drug resistance testing in Uganda|Prevalence of HIV drug resistance, its correlates and common mutations among people living with HIV failing on ART in northern Uganda: A cross-sectional study > Abstract > Results > HIVDR among children and adolescents|Prevalence of HIV drug resistance, its correlates and common mutations among people living with HIV failing on ART in northern Uganda: A cross-sectional study > Abstract > Results > HIVDR among children and adolescents|Prevalence of HIV drug resistance, its correlates and common mutations among people living with HIV failing on ART in northern Uganda: A cross-sectional study > Abstract > Materials and methods > Ethics approval and consent to participate|Prevalence of HIV drug resistance, its correlates and common mutations among people living with HIV failing on ART in northern Uganda: A cross-sectional study > Discussion|Prevalence of HIV drug resistance, its correlates and common mutations among people living with HIV failing on ART in northern Uganda: A cross-sectional study > Abstract > Results > HIVDR mutations among participants|Prevalence of HIV drug resistance, its correlates and common mutations among people living with HIV failing on ART in northern Uganda: A cross-sectional study > Abstract > Results > HIVDR among children and adolescents|Prevalence of HIV drug resistance, its correlates and common mutations among people living with HIV failing on ART in northern Uganda: A cross-sectional study > Abstract > Methods|Prevalence of HIV drug resistance, its correlates and common mutations among people living with HIV failing on ART in northern Uganda: A cross-sectional study > Abstract > Results > HIV drug resistance across drug classes|Prevalence of HIV drug resistance, its correlates and common mutations among people living with HIV failing on ART in northern Uganda: A cross-sectional study > Discussion|Prevalence of HIV drug resistance, its correlates and common mutations among people living with HIV failing on ART in northern Uganda: A cross-sectional study > Abstract > Results > Baseline participant characteristics and HIVDR|Prevalence of HIV drug resistance, its correlates and common mutations among people living with HIV failing on ART in northern Uganda: A cross-sectional study > Abstract > Results > HIVDR among children and adolescents|Prevalence of HIV drug resistance, its correlates and common mutations among people living with HIV failing on ART in northern Uganda: A cross-sectional study > Abstract > Results|Prevalence of HIV drug resistance, its correlates and common mutations among people living with HIV failing on ART in northern Uganda: A cross-sectional study > Abstract > Results > HIVDR mutations among participants|Prevalence of HIV drug resistance, its correlates and common mutations among people living with HIV failing on ART in northern Uganda: A cross-sectional study > Abstract > Results","1,3,4,5,6,7,8,9,10,11,12,13,14,15,16|1,2,3,4,5,6,8,9,10,11,14,15,16|1,5,6,8,9,10,11,12,14|5,6,7,8,10,11,12,13,16|2,3,4,9,15|5,6,8,10,13|1,2,14,16|3,4,15,16|3,4,9|1,2,14|2,15|7,13|7,12|13|12|11|7",15|13|9|9|5|5|4|4|3|3|2|2|2|1|1|1|1,0.2420|0.2044|0.1454|0.1411|0.0784|0.0781|0.0643|0.0623|0.0487|0.0469|0.0320|0.0318|0.0315|0.0164|0.0159|0.0159|0.0154,0.5895|0.5452|0.5480|0.5035|0.4942|0.4101|0.5599|0.4768|0.4963|0.5470|0.5100|0.4129|0.5054|0.4165|0.5078|0.2819|0.3227,17,30371,39121,text-embedding-3-small
40779404,4|16|3|10|15|8|6|7|1|5|12|13,Efficacy of Bictegravir/Emtricitabine/Tenofovir Alafenamide in Participants With Preexisting K65R/N in HIV-1 in Phase 2/3/3b Clinical Trials > METHODS > Preexisting Genotypic Analyses|Efficacy of Bictegravir/Emtricitabine/Tenofovir Alafenamide in Participants With Preexisting K65R/N in HIV-1 in Phase 2/3/3b Clinical Trials > DISCUSSION|Efficacy of Bictegravir/Emtricitabine/Tenofovir Alafenamide in Participants With Preexisting K65R/N in HIV-1 in Phase 2/3/3b Clinical Trials > METHODS > Clinical Trial Study Participants|Efficacy of Bictegravir/Emtricitabine/Tenofovir Alafenamide in Participants With Preexisting K65R/N in HIV-1 in Phase 2/3/3b Clinical Trials > RESULTS > Frequency and Detection of Preexisting K65R/N|Efficacy of Bictegravir/Emtricitabine/Tenofovir Alafenamide in Participants With Preexisting K65R/N in HIV-1 in Phase 2/3/3b Clinical Trials > DISCUSSION|Efficacy of Bictegravir/Emtricitabine/Tenofovir Alafenamide in Participants With Preexisting K65R/N in HIV-1 in Phase 2/3/3b Clinical Trials > RESULTS > Characteristics and Demographics of Study Participants|Efficacy of Bictegravir/Emtricitabine/Tenofovir Alafenamide in Participants With Preexisting K65R/N in HIV-1 in Phase 2/3/3b Clinical Trials > RESULTS > Characteristics and Demographics of Study Participants|Efficacy of Bictegravir/Emtricitabine/Tenofovir Alafenamide in Participants With Preexisting K65R/N in HIV-1 in Phase 2/3/3b Clinical Trials > RESULTS > Characteristics and Demographics of Study Participants|Efficacy of Bictegravir/Emtricitabine/Tenofovir Alafenamide in Participants With Preexisting K65R/N in HIV-1 in Phase 2/3/3b Clinical Trials|Efficacy of Bictegravir/Emtricitabine/Tenofovir Alafenamide in Participants With Preexisting K65R/N in HIV-1 in Phase 2/3/3b Clinical Trials > METHODS > B/F/TAF Efficacy Analysis|Efficacy of Bictegravir/Emtricitabine/Tenofovir Alafenamide in Participants With Preexisting K65R/N in HIV-1 in Phase 2/3/3b Clinical Trials > RESULTS > Virologic Outcome of B/F/TAF in Participants With Preexisting K65R/N|Efficacy of Bictegravir/Emtricitabine/Tenofovir Alafenamide in Participants With Preexisting K65R/N in HIV-1 in Phase 2/3/3b Clinical Trials > DISCUSSION,"1,2,3,4,5,6,7,8,9,10,11,12,14,15,16|1,2,3,4,5,6,7,8,9,10,11,12,14,15,16|5,6,7,8,10,11,13,15,16|5,6,7,8,10,11,13,15,16|1,2,3,4,8,9,11,12,14|1,3,4,7,9,12,14|1,3,4,9,12,13,14|5,6,13,15,16|2|10|13|2",15|15|9|9|9|7|7|5|1|1|1|1,0.2459|0.2372|0.1434|0.1429|0.1406|0.1104|0.1089|0.0784|0.0159|0.0159|0.0156|0.0154,0.5962|0.5424|0.5187|0.4345|0.5305|0.5190|0.4870|0.4252|0.4017|0.2799|0.4051|0.3796,12,24256,25353,text-embedding-3-small
40839365,6|5|14|19|8|11|21|4|13|10|3|7,HIV Drug Resistance to Dolutegravir Among Adults Investigated for Antiretroviral Treatment Failure in Malawi: A 2023 National Cross-Sectional Survey > METHODS > Laboratory Procedures|HIV Drug Resistance to Dolutegravir Among Adults Investigated for Antiretroviral Treatment Failure in Malawi: A 2023 National Cross-Sectional Survey > METHODS > Data Collection Procedures|HIV Drug Resistance to Dolutegravir Among Adults Investigated for Antiretroviral Treatment Failure in Malawi: A 2023 National Cross-Sectional Survey > RESULTS > Prevalence of DRMs for Drug Classes and DRM Patterns|HIV Drug Resistance to Dolutegravir Among Adults Investigated for Antiretroviral Treatment Failure in Malawi: A 2023 National Cross-Sectional Survey > DISCUSSION > Strengths and Limitations|HIV Drug Resistance to Dolutegravir Among Adults Investigated for Antiretroviral Treatment Failure in Malawi: A 2023 National Cross-Sectional Survey > RESULTS > Genotyping Results|HIV Drug Resistance to Dolutegravir Among Adults Investigated for Antiretroviral Treatment Failure in Malawi: A 2023 National Cross-Sectional Survey > RESULTS > Prevalence of DRMs for Drug Classes and DRM Patterns|HIV Drug Resistance to Dolutegravir Among Adults Investigated for Antiretroviral Treatment Failure in Malawi: A 2023 National Cross-Sectional Survey > DISCUSSION > Strengths and Limitations|HIV Drug Resistance to Dolutegravir Among Adults Investigated for Antiretroviral Treatment Failure in Malawi: A 2023 National Cross-Sectional Survey > METHODS > Sample Size and Sampling|HIV Drug Resistance to Dolutegravir Among Adults Investigated for Antiretroviral Treatment Failure in Malawi: A 2023 National Cross-Sectional Survey > RESULTS > Prevalence of DRMs for Drug Classes and DRM Patterns|HIV Drug Resistance to Dolutegravir Among Adults Investigated for Antiretroviral Treatment Failure in Malawi: A 2023 National Cross-Sectional Survey > RESULTS > Prevalence of HIV Drug Resistance by Class and Individual Drugs|HIV Drug Resistance to Dolutegravir Among Adults Investigated for Antiretroviral Treatment Failure in Malawi: A 2023 National Cross-Sectional Survey > METHODS > Study Design and Population|HIV Drug Resistance to Dolutegravir Among Adults Investigated for Antiretroviral Treatment Failure in Malawi: A 2023 National Cross-Sectional Survey > METHODS > Statistical Analysis,"1,3,4,5,6,7,8,9,10,11,12,14,16|1,3,4,5,6,7,8,9,11,12,13,14,16|1,2,3,4,5,6,7,10,11,12,15,16|1,2,5,6,9,10,11,14,15,16|1,3,4,7,8,9,11,12,14|3,4,5,6,9,10,15|2,8,13,14,15|8,12,13|7,10,13|2,15,16|13|2",13|13|12|10|9|7|5|3|3|3|1|1,0.2118|0.2072|0.1890|0.1583|0.1436|0.1087|0.0781|0.0476|0.0474|0.0471|0.0159|0.0156,0.5710|0.5677|0.4880|0.5162|0.5559|0.4839|0.5021|0.5176|0.3688|0.4699|0.3863|0.4673,12,21451,26676,text-embedding-3-small
40857111,11|3|4|8|6|10|7|9|12|14|2,HIV-1 Resistance Analysis of Participants With HIV-1 and Hepatitis B Receiving Bictegravir/Emtricitabine/Tenofovir Alafenamide or Dolutegravir Plus Emtricitabine/Tenofovir Disoproxil Fumarate Through the Open-Label Extension of the ALLIANCE Study > RESULTS > End-Of-Study Resistance Analysis|HIV-1 Resistance Analysis of Participants With HIV-1 and Hepatitis B Receiving Bictegravir/Emtricitabine/Tenofovir Alafenamide or Dolutegravir Plus Emtricitabine/Tenofovir Disoproxil Fumarate Through the Open-Label Extension of the ALLIANCE Study > METHODS|HIV-1 Resistance Analysis of Participants With HIV-1 and Hepatitis B Receiving Bictegravir/Emtricitabine/Tenofovir Alafenamide or Dolutegravir Plus Emtricitabine/Tenofovir Disoproxil Fumarate Through the Open-Label Extension of the ALLIANCE Study > METHODS|HIV-1 Resistance Analysis of Participants With HIV-1 and Hepatitis B Receiving Bictegravir/Emtricitabine/Tenofovir Alafenamide or Dolutegravir Plus Emtricitabine/Tenofovir Disoproxil Fumarate Through the Open-Label Extension of the ALLIANCE Study > RESULTS|HIV-1 Resistance Analysis of Participants With HIV-1 and Hepatitis B Receiving Bictegravir/Emtricitabine/Tenofovir Alafenamide or Dolutegravir Plus Emtricitabine/Tenofovir Disoproxil Fumarate Through the Open-Label Extension of the ALLIANCE Study > RESULTS|HIV-1 Resistance Analysis of Participants With HIV-1 and Hepatitis B Receiving Bictegravir/Emtricitabine/Tenofovir Alafenamide or Dolutegravir Plus Emtricitabine/Tenofovir Disoproxil Fumarate Through the Open-Label Extension of the ALLIANCE Study > RESULTS > End-Of-Masked-Treatment Resistance Analysis|HIV-1 Resistance Analysis of Participants With HIV-1 and Hepatitis B Receiving Bictegravir/Emtricitabine/Tenofovir Alafenamide or Dolutegravir Plus Emtricitabine/Tenofovir Disoproxil Fumarate Through the Open-Label Extension of the ALLIANCE Study > RESULTS|HIV-1 Resistance Analysis of Participants With HIV-1 and Hepatitis B Receiving Bictegravir/Emtricitabine/Tenofovir Alafenamide or Dolutegravir Plus Emtricitabine/Tenofovir Disoproxil Fumarate Through the Open-Label Extension of the ALLIANCE Study > RESULTS|HIV-1 Resistance Analysis of Participants With HIV-1 and Hepatitis B Receiving Bictegravir/Emtricitabine/Tenofovir Alafenamide or Dolutegravir Plus Emtricitabine/Tenofovir Disoproxil Fumarate Through the Open-Label Extension of the ALLIANCE Study > RESULTS > End-Of-Study Resistance Analysis > Additional Resistance Testing|HIV-1 Resistance Analysis of Participants With HIV-1 and Hepatitis B Receiving Bictegravir/Emtricitabine/Tenofovir Alafenamide or Dolutegravir Plus Emtricitabine/Tenofovir Disoproxil Fumarate Through the Open-Label Extension of the ALLIANCE Study > DISCUSSION|HIV-1 Resistance Analysis of Participants With HIV-1 and Hepatitis B Receiving Bictegravir/Emtricitabine/Tenofovir Alafenamide or Dolutegravir Plus Emtricitabine/Tenofovir Disoproxil Fumarate Through the Open-Label Extension of the ALLIANCE Study,"1,2,3,4,5,6,7,8,9,10,11,12,13,14,15,16|1,3,4,5,6,7,8,9,10,11,12,13,14,16|1,2,3,4,5,6,8,9,10,11,12,14,15,16|1,3,4,5,6,7,8,10,11,12,13,15,16|5,6,7,10,13,15|2,3,4,7,9|1,8,9,12,14|11,15,16|2|2|13",16|14|14|13|6|5|5|3|1|1|1,0.2602|0.2246|0.2203|0.2046|0.0938|0.0779|0.0777|0.0476|0.0164|0.0161|0.0156,0.5436|0.5216|0.5336|0.4952|0.4466|0.4714|0.4890|0.4615|0.4477|0.4401|0.4320,11,22683,23549,text-embedding-3-small
40872801,28|7|29|19|26|5|9|17|34|42|20|14|13|11|44|30|3|4|6|10|22|39,"The Magnitude and Patterns of Acquired Drug Resistance Mutations and Circulating HIV-1 Subtypes in HIV Patients in Tanzania, a Systematic Review and Meta-Analysis > 3. Results > 3.6. Acquired Drug Resistance Mutations|The Magnitude and Patterns of Acquired Drug Resistance Mutations and Circulating HIV-1 Subtypes in HIV Patients in Tanzania, a Systematic Review and Meta-Analysis > 2. Materials and Methods > 2.4. Data Extraction|The Magnitude and Patterns of Acquired Drug Resistance Mutations and Circulating HIV-1 Subtypes in HIV Patients in Tanzania, a Systematic Review and Meta-Analysis > 3. Results > 3.6. Acquired Drug Resistance Mutations|The Magnitude and Patterns of Acquired Drug Resistance Mutations and Circulating HIV-1 Subtypes in HIV Patients in Tanzania, a Systematic Review and Meta-Analysis > 3. Results > 3.5. Virological Failure|The Magnitude and Patterns of Acquired Drug Resistance Mutations and Circulating HIV-1 Subtypes in HIV Patients in Tanzania, a Systematic Review and Meta-Analysis > 3. Results > 3.5. Virological Failure|The Magnitude and Patterns of Acquired Drug Resistance Mutations and Circulating HIV-1 Subtypes in HIV Patients in Tanzania, a Systematic Review and Meta-Analysis > 2. Materials and Methods > 2.2. Inclusion and Exclusion Criteria > 2.2.2. Exclusion Criteria|The Magnitude and Patterns of Acquired Drug Resistance Mutations and Circulating HIV-1 Subtypes in HIV Patients in Tanzania, a Systematic Review and Meta-Analysis > 2. Materials and Methods > 2.6. Data Analysis|The Magnitude and Patterns of Acquired Drug Resistance Mutations and Circulating HIV-1 Subtypes in HIV Patients in Tanzania, a Systematic Review and Meta-Analysis > 3. Results > 3.5. Virological Failure|The Magnitude and Patterns of Acquired Drug Resistance Mutations and Circulating HIV-1 Subtypes in HIV Patients in Tanzania, a Systematic Review and Meta-Analysis > 3. Results > 3.7. HIV-1 Subtypes|The Magnitude and Patterns of Acquired Drug Resistance Mutations and Circulating HIV-1 Subtypes in HIV Patients in Tanzania, a Systematic Review and Meta-Analysis > 4. Discussion|The Magnitude and Patterns of Acquired Drug Resistance Mutations and Circulating HIV-1 Subtypes in HIV Patients in Tanzania, a Systematic Review and Meta-Analysis > 3. Results > 3.5. Virological Failure|The Magnitude and Patterns of Acquired Drug Resistance Mutations and Circulating HIV-1 Subtypes in HIV Patients in Tanzania, a Systematic Review and Meta-Analysis > 3. Results > 3.4. Results of the Meta-Analysis|The Magnitude and Patterns of Acquired Drug Resistance Mutations and Circulating HIV-1 Subtypes in HIV Patients in Tanzania, a Systematic Review and Meta-Analysis > 3. Results > 3.3. Characteristics of Included Studies|The Magnitude and Patterns of Acquired Drug Resistance Mutations and Circulating HIV-1 Subtypes in HIV Patients in Tanzania, a Systematic Review and Meta-Analysis > 3. Results > 3.1. Study Selection|The Magnitude and Patterns of Acquired Drug Resistance Mutations and Circulating HIV-1 Subtypes in HIV Patients in Tanzania, a Systematic Review and Meta-Analysis > 6. Limitations|The Magnitude and Patterns of Acquired Drug Resistance Mutations and Circulating HIV-1 Subtypes in HIV Patients in Tanzania, a Systematic Review and Meta-Analysis > 3. Results > 3.6. Acquired Drug Resistance Mutations > 3.6.1. Publication Bias Assessment for Drug Resistance Mutations|The Magnitude and Patterns of Acquired Drug Resistance Mutations and Circulating HIV-1 Subtypes in HIV Patients in Tanzania, a Systematic Review and Meta-Analysis > 2. Materials and Methods > 2.1. Search Strategy|The Magnitude and Patterns of Acquired Drug Resistance Mutations and Circulating HIV-1 Subtypes in HIV Patients in Tanzania, a Systematic Review and Meta-Analysis > 2. Materials and Methods > 2.2. Inclusion and Exclusion Criteria > 2.2.1. Inclusion Criteria|The Magnitude and Patterns of Acquired Drug Resistance Mutations and Circulating HIV-1 Subtypes in HIV Patients in Tanzania, a Systematic Review and Meta-Analysis > 2. Materials and Methods > 2.3. Study Screening|The Magnitude and Patterns of Acquired Drug Resistance Mutations and Circulating HIV-1 Subtypes in HIV Patients in Tanzania, a Systematic Review and Meta-Analysis > 2. Materials and Methods > 2.6. Data Analysis|The Magnitude and Patterns of Acquired Drug Resistance Mutations and Circulating HIV-1 Subtypes in HIV Patients in Tanzania, a Systematic Review and Meta-Analysis > 3. Results > 3.5. Virological Failure|The Magnitude and Patterns of Acquired Drug Resistance Mutations and Circulating HIV-1 Subtypes in HIV Patients in Tanzania, a Systematic Review and Meta-Analysis > 4. Discussion","1,2,3,4,5,6,7,8,9,11,12,14,15,16|2,3,4,5,6,7,8,10,11,12,13,15,16|1,5,6,7,8,9,10,12,14|5,6,7,11,12,16|3,4,11,15,16|1,8,11,14|2,9,10,12|5,6,7,16|3,4,9|1,9,14|3,4,15|1,14|13|13|2|2|10|13|13|10|15|8",14|13|9|6|5|4|4|4|3|3|3|2|1|1|1|1|1|1|1|1|1|1,0.2201|0.2113|0.1434|0.0945|0.0791|0.0645|0.0630|0.0627|0.0489|0.0474|0.0466|0.0315|0.0164|0.0161|0.0161|0.0159|0.0156|0.0156|0.0154|0.0154|0.0154|0.0154,0.5430|0.5464|0.5405|0.4985|0.4872|0.5563|0.5077|0.4294|0.5096|0.5168|0.4853|0.5514|0.4664|0.4543|0.5299|0.5141|0.2559|0.4238|0.4129|0.2544|0.4427|0.2922,22,42800,56294,text-embedding-3-small
40938120,41|6|37|35|36|8|38|39|29|22|31|5|16|1|18|34|2|9|11,"MATERIALS AND METHODS > DATA AVAILABILITY|Molecular epidemiology and pretreatment drug resistance of HIV-1 among newly diagnosed individuals in Nanning City, Guangxi, China > RESULTS > Sociodemographic and clinical characteristics of the participants|MATERIALS AND METHODS > Sequence processing and quality control|MATERIALS AND METHODS > Laboratory testing|MATERIALS AND METHODS > Laboratory testing|Molecular epidemiology and pretreatment drug resistance of HIV-1 among newly diagnosed individuals in Nanning City, Guangxi, China > RESULTS > Characteristics of PDR TCs in molecular networks|MATERIALS AND METHODS > Sequence processing and quality control > Genotypic resistance analysis|MATERIALS AND METHODS > Sequence processing and quality control > Molecular transmission network inference|Molecular epidemiology and pretreatment drug resistance of HIV-1 among newly diagnosed individuals in Nanning City, Guangxi, China > DISCUSSION|Molecular epidemiology and pretreatment drug resistance of HIV-1 among newly diagnosed individuals in Nanning City, Guangxi, China > DISCUSSION|Molecular epidemiology and pretreatment drug resistance of HIV-1 among newly diagnosed individuals in Nanning City, Guangxi, China > DISCUSSION|Molecular epidemiology and pretreatment drug resistance of HIV-1 among newly diagnosed individuals in Nanning City, Guangxi, China|Molecular epidemiology and pretreatment drug resistance of HIV-1 among newly diagnosed individuals in Nanning City, Guangxi, China > RESULTS > Factors associated with PDR > Factors associated with PDR TCs|Molecular epidemiology and pretreatment drug resistance of HIV-1 among newly diagnosed individuals in Nanning City, Guangxi, China|Molecular epidemiology and pretreatment drug resistance of HIV-1 among newly diagnosed individuals in Nanning City, Guangxi, China > RESULTS > Factors associated with PDR > Factors associated with PDR TCs|MATERIALS AND METHODS > Study setting and population|Molecular epidemiology and pretreatment drug resistance of HIV-1 among newly diagnosed individuals in Nanning City, Guangxi, China|Molecular epidemiology and pretreatment drug resistance of HIV-1 among newly diagnosed individuals in Nanning City, Guangxi, China > RESULTS > Characteristics of PDR TCs in molecular networks|Molecular epidemiology and pretreatment drug resistance of HIV-1 among newly diagnosed individuals in Nanning City, Guangxi, China > RESULTS > Characteristics of PDR TCs in molecular networks","1,3,4,5,6,7,8,9,10,11,12,14,15,16|1,3,4,5,6,7,8,9,10,11,12,14,15,16|1,3,4,5,6,7,8,9,10,11,12,15,16|1,5,6,7,8,9,10,11,12|5,6,7,8,10,11,16|1,3,4,14|2,15,16|3,4,9|13,14|2,14|13|2|13|2|13|12|2|13|15",14|14|13|9|7|4|3|3|2|2|1|1|1|1|1|1|1|1|1,0.2256|0.2221|0.2071|0.1409|0.1134|0.0615|0.0479|0.0466|0.0323|0.0315|0.0164|0.0161|0.0159|0.0156|0.0156|0.0156|0.0154|0.0154|0.0154,0.6908|0.6337|0.5754|0.5250|0.5421|0.5034|0.5042|0.5056|0.5412|0.5062|0.3856|0.4551|0.3808|0.4379|0.3772|0.5368|0.4379|0.3754|0.4173,19,32933,55787,text-embedding-3-small
40938996,43|40|44|41|33|22|23|15|24|37|25|48|26|2|34|3|39,"Elucidating the mechanism by which HIV-1 nucleocapsid mutations confer resistance to integrase strand transfer inhibitors > MATERIALS AND METHODS > Quantification of viral cDNA in the infected cells|Elucidating the mechanism by which HIV-1 nucleocapsid mutations confer resistance to integrase strand transfer inhibitors > MATERIALS AND METHODS > Integration site analysis|Elucidating the mechanism by which HIV-1 nucleocapsid mutations confer resistance to integrase strand transfer inhibitors > MATERIALS AND METHODS > Quantification of viral cDNA in the infected cells|Elucidating the mechanism by which HIV-1 nucleocapsid mutations confer resistance to integrase strand transfer inhibitors > MATERIALS AND METHODS > Integration site analysis|Elucidating the mechanism by which HIV-1 nucleocapsid mutations confer resistance to integrase strand transfer inhibitors > MATERIALS AND METHODS > Plasmids|Elucidating the mechanism by which HIV-1 nucleocapsid mutations confer resistance to integrase strand transfer inhibitors > RESULTS NC mutations confer resistance to DTG in T cells without apparent fitness costs > HIV-1 acquires mutations in Env, NC, and IN in the presence of DTG in primary T cells|Elucidating the mechanism by which HIV-1 nucleocapsid mutations confer resistance to integrase strand transfer inhibitors > RESULTS NC mutations confer resistance to DTG in T cells without apparent fitness costs > HIV-1 acquires mutations in Env, NC, and IN in the presence of DTG in primary T cells|Elucidating the mechanism by which HIV-1 nucleocapsid mutations confer resistance to integrase strand transfer inhibitors > RESULTS NC mutations confer resistance to DTG in T cells without apparent fitness costs > The NC-G19S mutation selected in the presence of DTG accelerates early postentry events including viral DNA integration|Elucidating the mechanism by which HIV-1 nucleocapsid mutations confer resistance to integrase strand transfer inhibitors > RESULTS NC mutations confer resistance to DTG in T cells without apparent fitness costs > HIV-1 acquires mutations in Env, NC, and IN in the presence of DTG in primary T cells|Elucidating the mechanism by which HIV-1 nucleocapsid mutations confer resistance to integrase strand transfer inhibitors > MATERIALS AND METHODS > Quantification of viral RNA in the virion|Elucidating the mechanism by which HIV-1 nucleocapsid mutations confer resistance to integrase strand transfer inhibitors > RESULTS NC mutations confer resistance to DTG in T cells without apparent fitness costs > HIV-1 acquires mutations in Env, NC, and IN in the presence of DTG in primary T cells|Elucidating the mechanism by which HIV-1 nucleocapsid mutations confer resistance to integrase strand transfer inhibitors > MATERIALS AND METHODS > Long-term propagation of HIV-1 in PBMCs in the presence of DTG|Elucidating the mechanism by which HIV-1 nucleocapsid mutations confer resistance to integrase strand transfer inhibitors > RESULTS NC mutations confer resistance to DTG in T cells without apparent fitness costs > HIV-1 acquires mutations in Env, NC, and IN in the presence of DTG in primary T cells|Elucidating the mechanism by which HIV-1 nucleocapsid mutations confer resistance to integrase strand transfer inhibitors > RESULTS NC mutations confer resistance to DTG in T cells without apparent fitness costs|Elucidating the mechanism by which HIV-1 nucleocapsid mutations confer resistance to integrase strand transfer inhibitors > MATERIALS AND METHODS > Plasmids|Elucidating the mechanism by which HIV-1 nucleocapsid mutations confer resistance to integrase strand transfer inhibitors > RESULTS NC mutations confer resistance to DTG in T cells without apparent fitness costs|Elucidating the mechanism by which HIV-1 nucleocapsid mutations confer resistance to integrase strand transfer inhibitors > MATERIALS AND METHODS > Sequence analysis of 2-LTR junction","1,3,4,5,6,7,8,9,10,11,12,14,15,16|1,3,4,5,6,7,9,10,11,12,16|1,5,6,7,8,10,11,12|5,6,7,8,10,11,15|3,4,5,6,8,9,12|1,2,3,4,13,14|3,4,13,14|2,13,15,16|2,13,15,16|7,10,11|9,13,14|1,12,16|2,15|14|9|2|8",14|11|8|7|7|6|4|4|4|3|3|3|2|1|1|1|1,0.2292|0.1716|0.1288|0.1109|0.1101|0.0948|0.0643|0.0638|0.0635|0.0466|0.0464|0.0464|0.0313|0.0159|0.0159|0.0156|0.0154,0.5806|0.5350|0.5302|0.4454|0.5616|0.5072|0.5357|0.4324|0.4533|0.4477|0.5298|0.4913|0.4334|0.4621|0.5497|0.4330|0.4016,17,28742,62136,text-embedding-3-small
40965168,12|3|6|5|4|21|22|24|15|13|23|8|1|14|16|9|11|20,Emergence of in-vitro resistance to lenacapavir is similar across HIV-1 subtypes > Results > Sample cloning and drug susceptibility|Emergence of in-vitro resistance to lenacapavir is similar across HIV-1 subtypes > Materials and methods > Clinical samples|Emergence of in-vitro resistance to lenacapavir is similar across HIV-1 subtypes > Materials and methods > Sample cloning|Emergence of in-vitro resistance to lenacapavir is similar across HIV-1 subtypes > Materials and methods > Sample cloning|Emergence of in-vitro resistance to lenacapavir is similar across HIV-1 subtypes > Materials and methods > Subtype characterization|Emergence of in-vitro resistance to lenacapavir is similar across HIV-1 subtypes > Discussion|Emergence of in-vitro resistance to lenacapavir is similar across HIV-1 subtypes > Discussion|Emergence of in-vitro resistance to lenacapavir is similar across HIV-1 subtypes > Discussion|Emergence of in-vitro resistance to lenacapavir is similar across HIV-1 subtypes > Results > Resistance emergence and genotypic analyses|Emergence of in-vitro resistance to lenacapavir is similar across HIV-1 subtypes > Results > Sample cloning and drug susceptibility|Emergence of in-vitro resistance to lenacapavir is similar across HIV-1 subtypes > Discussion|Emergence of in-vitro resistance to lenacapavir is similar across HIV-1 subtypes > Materials and methods > Multicycle phenotypic assay|Emergence of in-vitro resistance to lenacapavir is similar across HIV-1 subtypes|Emergence of in-vitro resistance to lenacapavir is similar across HIV-1 subtypes > Results > Breakthrough resistance selection|Emergence of in-vitro resistance to lenacapavir is similar across HIV-1 subtypes > Results > Resistance emergence and genotypic analyses|Emergence of in-vitro resistance to lenacapavir is similar across HIV-1 subtypes > Materials and methods > Multicycle phenotypic assay|Emergence of in-vitro resistance to lenacapavir is similar across HIV-1 subtypes > Results|Emergence of in-vitro resistance to lenacapavir is similar across HIV-1 subtypes > Results > Codon usage at mutated residues across HIV-1 subtypes,"1,3,4,5,6,7,8,9,10,11,12,14,15,16|1,3,4,5,6,7,8,11,12,13,14,15,16|1,3,4,5,6,7,8,9,10,11,12,16|1,5,6,7,8,10,11,12|3,4,8,9,10,11|1,3,4,9,14|5,6,7,12|2,13,14|13,15,16|2,15,16|9,14|2|13|13|2|2|15|10",14|13|12|8|6|5|4|3|3|3|2|1|1|1|1|1|1|1,0.2253|0.2110|0.1913|0.1248|0.0930|0.0801|0.0625|0.0474|0.0469|0.0466|0.0308|0.0164|0.0161|0.0159|0.0159|0.0156|0.0154|0.0154,0.6132|0.6378|0.5836|0.5826|0.5629|0.5813|0.6021|0.5043|0.4435|0.4878|0.5508|0.5204|0.3650|0.3630|0.4985|0.4979|0.4222|0.3271,18,26339,35019,text-embedding-3-small
40974886,8|11|23|4|3|6|5|7|2|1|27|29|24|14|19|21,"3. Results > 3.1. Longitudinal analysis > 3.1.1. Participant clinical, demographic, and genotypic characteristics|3. Results > 3.2. Repeat archive testing > 3.2.1. Participant clinical and demographic characteristics|4. Discussion|2. Study design > 2.2. Genotypic data and resistance analyses|2. Study design > 2.1. Study participants|2. Study design > 2.3. Participant inclusion, RAM categorization, and statistical analysis > 2.3.1. Longitudinal analysis|2. Study design > 2.2. Genotypic data and resistance analyses|2. Study design > 2.3. Participant inclusion, RAM categorization, and statistical analysis > 2.3.2. Repeat archive testing|Detection of HIV-1 drug resistance in RNA and proviral DNA genotyping is variable both longitudinally and during repeat testing\* > ABSTRACT|Detection of HIV-1 drug resistance in RNA and proviral DNA genotyping is variable both longitudinally and during repeat testing\* > ABSTRACT|4. Discussion|4. Discussion|4. Discussion|3. Results > 3.2. Repeat archive testing > 3.2.2. Reproducibility of detection of primary RAMs and other substitutions|4. Discussion|4. Discussion","1,3,4,5,6,7,8,9,10,11,12,13,14,15,16|1,3,4,5,6,7,8,9,11,12,13,14,15,16|1,2,5,6,7,8,10,11,14,15,16|1,3,4,5,6,9,11|3,4,9,12,13,16|2,7,13,15,16|3,4,5,6,9|7,8,10,11|12,13,14|1,12,14|8,10|2|2|10|2|15",15|14|11|7|6|5|5|4|3|3|2|1|1|1|1|1,0.2407|0.2264|0.1752|0.1109|0.0943|0.0787|0.0772|0.0633|0.0466|0.0466|0.0320|0.0161|0.0159|0.0156|0.0156|0.0154,0.5724|0.6275|0.5361|0.5252|0.5077|0.4924|0.4724|0.4161|0.5358|0.5324|0.3656|0.5012|0.4811|0.3359|0.4572|0.4693,16,25096,44794,text-embedding-3-small
41004608,4|3|5|30|33|14|27|1|17|21|24|19|34|29|15|22|25,MATERIALS AND METHODS > Laboratory Methods|MATERIALS AND METHODS > Population|MATERIALS AND METHODS > Laboratory Methods|DISCUSSION|DISCUSSION|RESULTS > Population Identification|DISCUSSION|Real-world Prevalence of Nonintegrase INSTI Resistance-Associated Mutations and Virological Outcomes in People Who Have Recently Acquired HIV-1 in the United Kingdom|RESULTS > Demographic and Clinical Characteristics > Genotypic Resistance Prevalence|RESULTS > Demographic and Clinical Characteristics > Nonintegrase Enzyme INSTI Resistance Mutations|RESULTS > Demographic and Clinical Characteristics > Multivariable Analysis of Associations Between Nonintegrase Enzyme INSTI Mutations and Virological Outcomes|RESULTS > Demographic and Clinical Characteristics > Nonintegrase Enzyme INSTI Resistance Mutations|DISCUSSION|DISCUSSION|RESULTS > Demographic and Clinical Characteristics|RESULTS > Demographic and Clinical Characteristics > Multivariable Analysis of Associations Between Nonintegrase Enzyme INSTI Mutations and Virological Outcomes|RESULTS > Demographic and Clinical Characteristics > Multivariable Analysis of Associations Between Nonintegrase Enzyme INSTI Mutations and Virological Outcomes,"1,2,3,4,5,6,7,8,9,10,11,12,14,15,16|1,3,4,5,6,7,8,9,10,11,12,14,15,16|1,3,4,5,6,7,8,9,10,11,12,15,16|1,3,4,5,6,8,9,10,11,14,16|1,2,13,14|7,12,13,16|5,6,8,11|3,4,9|10,15|13,14|2,15|13|2|13|12|7|2",15|14|13|11|4|4|4|3|2|2|2|1|1|1|1|1|1,0.2420|0.2217|0.2121|0.1722|0.0638|0.0627|0.0620|0.0462|0.0315|0.0310|0.0310|0.0164|0.0161|0.0156|0.0154|0.0154|0.0154,0.6051|0.5858|0.6921|0.5657|0.5695|0.5428|0.3749|0.5381|0.4665|0.5458|0.4441|0.4256|0.4797|0.3682|0.5363|0.3650|0.4286,17,26765,37380,text-embedding-3-small
41012586,23|7|6|20|3|22|5|17|2|10|9|21|4|8,Virological Effectiveness of Dolutegravir Plus Darunavir in People with Multi-Drug-Resistant HIV: Data from the PRESTIGIO Registry > 5. Conclusions|Virological Effectiveness of Dolutegravir Plus Darunavir in People with Multi-Drug-Resistant HIV: Data from the PRESTIGIO Registry > 3. Results > 3.1. 4DR-PWH Included in the Analysis|Virological Effectiveness of Dolutegravir Plus Darunavir in People with Multi-Drug-Resistant HIV: Data from the PRESTIGIO Registry > 3. Results|Virological Effectiveness of Dolutegravir Plus Darunavir in People with Multi-Drug-Resistant HIV: Data from the PRESTIGIO Registry > 4. Discussion|Virological Effectiveness of Dolutegravir Plus Darunavir in People with Multi-Drug-Resistant HIV: Data from the PRESTIGIO Registry > 2. Materials and Methods > 2.1. Definitions and Statistical Analysis|Virological Effectiveness of Dolutegravir Plus Darunavir in People with Multi-Drug-Resistant HIV: Data from the PRESTIGIO Registry > 5. Conclusions|Virological Effectiveness of Dolutegravir Plus Darunavir in People with Multi-Drug-Resistant HIV: Data from the PRESTIGIO Registry > 2. Materials and Methods > 2.2. Ethics|Virological Effectiveness of Dolutegravir Plus Darunavir in People with Multi-Drug-Resistant HIV: Data from the PRESTIGIO Registry > 4. Discussion|Virological Effectiveness of Dolutegravir Plus Darunavir in People with Multi-Drug-Resistant HIV: Data from the PRESTIGIO Registry > 2. Materials and Methods|Virological Effectiveness of Dolutegravir Plus Darunavir in People with Multi-Drug-Resistant HIV: Data from the PRESTIGIO Registry > 3. Results > 3.2. ART Regimens Included in the Analysis|Virological Effectiveness of Dolutegravir Plus Darunavir in People with Multi-Drug-Resistant HIV: Data from the PRESTIGIO Registry > 3. Results > 3.2. ART Regimens Included in the Analysis|Virological Effectiveness of Dolutegravir Plus Darunavir in People with Multi-Drug-Resistant HIV: Data from the PRESTIGIO Registry > 4. Discussion|Virological Effectiveness of Dolutegravir Plus Darunavir in People with Multi-Drug-Resistant HIV: Data from the PRESTIGIO Registry > 2. Materials and Methods > 2.1. Definitions and Statistical Analysis|Virological Effectiveness of Dolutegravir Plus Darunavir in People with Multi-Drug-Resistant HIV: Data from the PRESTIGIO Registry > 3. Results > 3.2. ART Regimens Included in the Analysis,"1,2,3,4,5,6,7,8,9,11,12,14,15,16|1,3,4,5,6,7,8,9,10,11,12,13,16|5,6,7,8,10,11,13,15,16|1,2,5,6,7,8,12,13,14|2,3,4,9,10,11,12|1,3,4,9,12,14|5,6,8,11,13|2,3,4,9,10|7,13,15,16|15,16|14,15|1,2|10|14",14|13|9|9|7|6|5|5|4|2|2|2|1|1,0.2274|0.2054|0.1467|0.1407|0.1116|0.0950|0.0784|0.0779|0.0625|0.0313|0.0312|0.0310|0.0159|0.0154,0.5360|0.4808|0.5151|0.4888|0.4811|0.4997|0.4650|0.4783|0.4320|0.4508|0.4817|0.4720|0.2567|0.4787,14,23803,27685,text-embedding-3-small
41023944,22|5|6|11|24|14|26|12|13|21|23|9|20|2|4|7|18,HIV Dolutegravir resistance and multiclass failure in Mozambique: findings from a real-world cohort > Discussion > Limitations|HIV Dolutegravir resistance and multiclass failure in Mozambique: findings from a real-world cohort > Methods > Study population|HIV Dolutegravir resistance and multiclass failure in Mozambique: findings from a real-world cohort > Methods > Resistance testing procedures|HIV Dolutegravir resistance and multiclass failure in Mozambique: findings from a real-world cohort > Results > INSTI mutational profiles|HIV Dolutegravir resistance and multiclass failure in Mozambique: findings from a real-world cohort > Discussion > Public Health Implications|HIV Dolutegravir resistance and multiclass failure in Mozambique: findings from a real-world cohort > Results > INSTI mutational profiles|HIV Dolutegravir resistance and multiclass failure in Mozambique: findings from a real-world cohort > Conclusion > Data availability|HIV Dolutegravir resistance and multiclass failure in Mozambique: findings from a real-world cohort > Results > INSTI mutational profiles|HIV Dolutegravir resistance and multiclass failure in Mozambique: findings from a real-world cohort > Results > INSTI mutational profiles|HIV Dolutegravir resistance and multiclass failure in Mozambique: findings from a real-world cohort > Discussion|HIV Dolutegravir resistance and multiclass failure in Mozambique: findings from a real-world cohort > Discussion > Public Health Implications|HIV Dolutegravir resistance and multiclass failure in Mozambique: findings from a real-world cohort > Methods > Ethics|HIV Dolutegravir resistance and multiclass failure in Mozambique: findings from a real-world cohort > Discussion|HIV Dolutegravir resistance and multiclass failure in Mozambique: findings from a real-world cohort > Abstract|HIV Dolutegravir resistance and multiclass failure in Mozambique: findings from a real-world cohort > Methods > Study population|HIV Dolutegravir resistance and multiclass failure in Mozambique: findings from a real-world cohort > Methods > Data collection and variables|HIV Dolutegravir resistance and multiclass failure in Mozambique: findings from a real-world cohort > Discussion,"1,2,3,4,5,6,7,8,9,10,11,12,14,15,16|1,3,4,5,6,7,8,9,10,11,12,13,14,15,16|1,3,4,5,6,7,8,9,10,11,12|3,4,5,6,8,9,10,11,12,15,16|1,3,4,9,14|8,10,11,15|5,6,7|13,15,16|7,13,16|2,14|1,14|13|2|2|12|13|2",15|15|11|11|5|4|3|3|3|2|2|1|1|1|1|1|1,0.2433|0.2407|0.1755|0.1719|0.0777|0.0620|0.0484|0.0471|0.0466|0.0323|0.0310|0.0164|0.0159|0.0156|0.0154|0.0154|0.0154,0.5273|0.5587|0.5000|0.4788|0.4830|0.4386|0.3887|0.4591|0.4294|0.4948|0.4817|0.4368|0.4721|0.4699|0.4686|0.3902|0.4678,17,24475,28470,text-embedding-3-small
41029850,5|28|27|25|18|3|24|10|1|15|6|11|14|16,Acquired HIV-1 drug resistance to reverse transcriptase and protease inhibitors among people failing antiretroviral therapy in Cameroon and implications for future treatment options > Abstract > Methods > Genotypic resistance testing and sequence interpretation and analysis|Acquired HIV-1 drug resistance to reverse transcriptase and protease inhibitors among people failing antiretroviral therapy in Cameroon and implications for future treatment options > Abstract > Supplementary Information > Data availability|Acquired HIV-1 drug resistance to reverse transcriptase and protease inhibitors among people failing antiretroviral therapy in Cameroon and implications for future treatment options > Abstract > Supplementary Information|Acquired HIV-1 drug resistance to reverse transcriptase and protease inhibitors among people failing antiretroviral therapy in Cameroon and implications for future treatment options > Abstract > Discussion|Acquired HIV-1 drug resistance to reverse transcriptase and protease inhibitors among people failing antiretroviral therapy in Cameroon and implications for future treatment options > Abstract > Discussion|Acquired HIV-1 drug resistance to reverse transcriptase and protease inhibitors among people failing antiretroviral therapy in Cameroon and implications for future treatment options > Abstract > Methods > Study design and study population|Acquired HIV-1 drug resistance to reverse transcriptase and protease inhibitors among people failing antiretroviral therapy in Cameroon and implications for future treatment options > Abstract > Discussion|Acquired HIV-1 drug resistance to reverse transcriptase and protease inhibitors among people failing antiretroviral therapy in Cameroon and implications for future treatment options > Abstract > Results > HIV genotypic and resistance profiles|Acquired HIV-1 drug resistance to reverse transcriptase and protease inhibitors among people failing antiretroviral therapy in Cameroon and implications for future treatment options > Abstract|Acquired HIV-1 drug resistance to reverse transcriptase and protease inhibitors among people failing antiretroviral therapy in Cameroon and implications for future treatment options > Abstract > Discussion|Acquired HIV-1 drug resistance to reverse transcriptase and protease inhibitors among people failing antiretroviral therapy in Cameroon and implications for future treatment options > Abstract > Methods > Technical definitions|Acquired HIV-1 drug resistance to reverse transcriptase and protease inhibitors among people failing antiretroviral therapy in Cameroon and implications for future treatment options > Abstract > Results > Mutational profiles|Acquired HIV-1 drug resistance to reverse transcriptase and protease inhibitors among people failing antiretroviral therapy in Cameroon and implications for future treatment options > Abstract > Results > Participants on dolutegravir|Acquired HIV-1 drug resistance to reverse transcriptase and protease inhibitors among people failing antiretroviral therapy in Cameroon and implications for future treatment options > Abstract > Discussion,"1,3,4,5,6,7,8,9,10,11,12,14,15,16|1,3,4,5,6,7,8,9,10,11,12,15,16|2,3,4,5,6,9,11,13,15,16|2,5,6,7,8,10,11,15,16|1,2,3,4,7,8,9,12,13|1,7,8,12,13,14|5,6,10,11,15,16|2,3,4,9|1,12,14|2,14|13|10|13|14",14|13|10|9|9|6|6|4|3|2|1|1|1|1,0.2264|0.2108|0.1568|0.1419|0.1419|0.0948|0.0938|0.0627|0.0474|0.0315|0.0164|0.0154|0.0154|0.0154,0.5624|0.5799|0.4606|0.4871|0.5081|0.5352|0.4499|0.4904|0.5488|0.5401|0.3868|0.2637|0.3602|0.5238,14,23292,31564,text-embedding-3-small
41056006,5|6|14|21|2|7|4|3|11|26|15|25|13|17,METHODS > Procedures > Endpoints and Assessments|METHODS > Procedures > Statistical Analysis|RESULTS > Safety > Resistance|DISCUSSION > Data availability statement|Abstract|RESULTS > Study Participants|METHODS > Procedures|METHODS > Study Design and Population|RESULTS > Safety|DISCUSSION > Data availability statement|DISCUSSION|DISCUSSION > Data availability statement|RESULTS > Safety|DISCUSSION,"1,2,3,4,5,6,7,8,9,10,11,12,14,15,16|1,2,3,4,5,6,7,8,9,10,11,12,14,15,16|1,2,3,4,5,6,7,8,9,11,12,14|1,2,3,4,5,6,7,8,9,10,11,16|1,2,3,4,9,10,11,12,15,16|7,12,13,15,16|5,6,10,15|8|13|13|14|13|13|14",15|15|12|12|10|5|4|1|1|1|1|1|1|1,0.2456|0.2384|0.1893|0.1875|0.1570|0.0797|0.0628|0.0161|0.0161|0.0159|0.0156|0.0156|0.0154|0.0154,0.5375|0.5005|0.5088|0.4337|0.4694|0.4775|0.4227|0.2537|0.4756|0.4722|0.4726|0.4623|0.4592|0.4696,14,25938,33989,text-embedding-3-small
41057785,4|6|5|29|24|31|2|21|7|11|8|19|12|1|10|17|30|3|13|23,Prevalence of drug resistance mutations and their association with time to virological failure in people living with HIV in Uganda > Methods and materials > Study design|Prevalence of drug resistance mutations and their association with time to virological failure in people living with HIV in Uganda > Methods and materials > Data collection and management|Prevalence of drug resistance mutations and their association with time to virological failure in people living with HIV in Uganda > Methods and materials > Study site and population|Prevalence of drug resistance mutations and their association with time to virological failure in people living with HIV in Uganda > Discussion > Limitations|Prevalence of drug resistance mutations and their association with time to virological failure in people living with HIV in Uganda > Discussion|Prevalence of drug resistance mutations and their association with time to virological failure in people living with HIV in Uganda > Conclusion > Data availability|Prevalence of drug resistance mutations and their association with time to virological failure in people living with HIV in Uganda > Abstract|Prevalence of drug resistance mutations and their association with time to virological failure in people living with HIV in Uganda > Discussion|Prevalence of drug resistance mutations and their association with time to virological failure in people living with HIV in Uganda > Methods and materials > Data analysis|Prevalence of drug resistance mutations and their association with time to virological failure in people living with HIV in Uganda > Results|Prevalence of drug resistance mutations and their association with time to virological failure in people living with HIV in Uganda > Methods and materials > Data analysis|Prevalence of drug resistance mutations and their association with time to virological failure in people living with HIV in Uganda > Discussion|Prevalence of drug resistance mutations and their association with time to virological failure in people living with HIV in Uganda > Results > Prevalence of drug resistance mutations across ART regimen drug classes|Prevalence of drug resistance mutations and their association with time to virological failure in people living with HIV in Uganda > Abstract|Prevalence of drug resistance mutations and their association with time to virological failure in people living with HIV in Uganda > Methods and materials > Data analysis|Prevalence of drug resistance mutations and their association with time to virological failure in people living with HIV in Uganda > Discussion|Prevalence of drug resistance mutations and their association with time to virological failure in people living with HIV in Uganda > Conclusion|Prevalence of drug resistance mutations and their association with time to virological failure in people living with HIV in Uganda > Abstract|Prevalence of drug resistance mutations and their association with time to virological failure in people living with HIV in Uganda > Results > Prevalence of drug resistance mutations across ART regimen drug classes > Prevalence of specific mutations in four different ART classes|Prevalence of drug resistance mutations and their association with time to virological failure in people living with HIV in Uganda > Discussion,"1,3,4,5,6,7,9,10,11,12,13,14,16|1,3,4,5,6,7,8,10,11,12|1,3,4,5,6,9,11,12|1,2,8,13,14,15|2,3,4,5,6,9|5,6,7,8,11|1,2,7,10,12|3,4,13,15|11,13,15,16|7,12,14,16|13,15,16|8,10|8,15|2,14|9|14|2|16|10|9",13|10|8|6|6|5|5|4|4|4|3|2|2|2|1|1|1|1|1|1,0.2064|0.1608|0.1273|0.0976|0.0942|0.0812|0.0772|0.0628|0.0628|0.0628|0.0469|0.0323|0.0318|0.0310|0.0164|0.0161|0.0161|0.0156|0.0156|0.0156,0.5175|0.4945|0.5050|0.5351|0.4448|0.3903|0.4476|0.4142|0.4007|0.5159|0.3978|0.2528|0.4237|0.5165|0.4358|0.5190|0.4551|0.3886|0.2009|0.4321,20,29829,33147,text-embedding-3-small
41088231,12|5|23|13|7|8|2|9|20|14|1|3|19|25|17|16|18|21|15,"Molecular characterization of a unique Recombinant form of HIV-1 subtype F2/ CRF02_AG identified in Guangdong, China > Results > The source of the parental strains|Molecular characterization of a unique Recombinant form of HIV-1 subtype F2/ CRF02_AG identified in Guangdong, China > Abstract > Methods > Nucleic acid extraction, amplification, sequencing, and sequence assembly|Molecular characterization of a unique Recombinant form of HIV-1 subtype F2/ CRF02_AG identified in Guangdong, China > Discussion|Molecular characterization of a unique Recombinant form of HIV-1 subtype F2/ CRF02_AG identified in Guangdong, China > Results > The source of the parental strains|Molecular characterization of a unique Recombinant form of HIV-1 subtype F2/ CRF02_AG identified in Guangdong, China > Abstract > Methods > Analysis of the source of parental strains|Molecular characterization of a unique Recombinant form of HIV-1 subtype F2/ CRF02_AG identified in Guangdong, China > Abstract > Methods > Drug resistance and genotypic co-receptor analysis|Molecular characterization of a unique Recombinant form of HIV-1 subtype F2/ CRF02_AG identified in Guangdong, China > Abstract|Molecular characterization of a unique Recombinant form of HIV-1 subtype F2/ CRF02_AG identified in Guangdong, China > Results > Common characteristics and phylogenetic analysis of the NFLG sequence|Molecular characterization of a unique Recombinant form of HIV-1 subtype F2/ CRF02_AG identified in Guangdong, China > Discussion|Molecular characterization of a unique Recombinant form of HIV-1 subtype F2/ CRF02_AG identified in Guangdong, China > Results > Prediction of drug resistance mutations and tropism|Molecular characterization of a unique Recombinant form of HIV-1 subtype F2/ CRF02_AG identified in Guangdong, China > Abstract|Molecular characterization of a unique Recombinant form of HIV-1 subtype F2/ CRF02_AG identified in Guangdong, China > Abstract > Methods > Ethical issues|Molecular characterization of a unique Recombinant form of HIV-1 subtype F2/ CRF02_AG identified in Guangdong, China > Discussion|Molecular characterization of a unique Recombinant form of HIV-1 subtype F2/ CRF02_AG identified in Guangdong, China > Conclusions > Data availability|Molecular characterization of a unique Recombinant form of HIV-1 subtype F2/ CRF02_AG identified in Guangdong, China > Discussion|Molecular characterization of a unique Recombinant form of HIV-1 subtype F2/ CRF02_AG identified in Guangdong, China > Discussion|Molecular characterization of a unique Recombinant form of HIV-1 subtype F2/ CRF02_AG identified in Guangdong, China > Discussion|Molecular characterization of a unique Recombinant form of HIV-1 subtype F2/ CRF02_AG identified in Guangdong, China > Discussion|Molecular characterization of a unique Recombinant form of HIV-1 subtype F2/ CRF02_AG identified in Guangdong, China > Discussion","1,3,4,5,6,7,8,9,10,11,12,15,16|1,5,6,7,8,9,10,11,12,16|1,2,5,6,8,12,14,15,16|3,4,5,6,7,8,9,10,11|5,6,7,8,10,11,15,16|1,2,3,4,15,16|3,4,9,12,14|3,4,10,11|1,7,13,14|2,15|9,12|13|14|13|13|2|13|14|2",13|10|9|9|8|6|5|4|4|2|2|1|1|1|1|1|1|1|1,0.2085|0.1604|0.1437|0.1422|0.1275|0.0963|0.0779|0.0625|0.0623|0.0315|0.0310|0.0164|0.0161|0.0161|0.0159|0.0156|0.0156|0.0156|0.0154,0.6050|0.6001|0.5859|0.5780|0.5017|0.5733|0.5864|0.5625|0.5625|0.4774|0.5789|0.5118|0.5633|0.3991|0.3398|0.4037|0.3258|0.5353|0.3913,19,30760,31736,text-embedding-3-small
41091504,5|6|13|7|2|44|9|36|1|27|10|11|37|29|18,Predicting the Impact of Drug Resistance Mutations on Inhibitor Potency with Molecular Dynamics and Machine Learning > 2. COMPUTATIONAL METHODS|Predicting the Impact of Drug Resistance Mutations on Inhibitor Potency with Molecular Dynamics and Machine Learning > 2. COMPUTATIONAL METHODS|Predicting the Impact of Drug Resistance Mutations on Inhibitor Potency with Molecular Dynamics and Machine Learning > 2. COMPUTATIONAL METHODS|Predicting the Impact of Drug Resistance Mutations on Inhibitor Potency with Molecular Dynamics and Machine Learning > 2. COMPUTATIONAL METHODS|Predicting the Impact of Drug Resistance Mutations on Inhibitor Potency with Molecular Dynamics and Machine Learning|Predicting the Impact of Drug Resistance Mutations on Inhibitor Potency with Molecular Dynamics and Machine Learning > 4. CONCLUSIONS|Predicting the Impact of Drug Resistance Mutations on Inhibitor Potency with Molecular Dynamics and Machine Learning > 2. COMPUTATIONAL METHODS|Predicting the Impact of Drug Resistance Mutations on Inhibitor Potency with Molecular Dynamics and Machine Learning > 3. RESULTS AND DISCUSSION|Predicting the Impact of Drug Resistance Mutations on Inhibitor Potency with Molecular Dynamics and Machine Learning|Predicting the Impact of Drug Resistance Mutations on Inhibitor Potency with Molecular Dynamics and Machine Learning > 3. RESULTS AND DISCUSSION|Predicting the Impact of Drug Resistance Mutations on Inhibitor Potency with Molecular Dynamics and Machine Learning > 2. COMPUTATIONAL METHODS|Predicting the Impact of Drug Resistance Mutations on Inhibitor Potency with Molecular Dynamics and Machine Learning > 2. COMPUTATIONAL METHODS|Predicting the Impact of Drug Resistance Mutations on Inhibitor Potency with Molecular Dynamics and Machine Learning > 3. RESULTS AND DISCUSSION|Predicting the Impact of Drug Resistance Mutations on Inhibitor Potency with Molecular Dynamics and Machine Learning > 3. RESULTS AND DISCUSSION|Predicting the Impact of Drug Resistance Mutations on Inhibitor Potency with Molecular Dynamics and Machine Learning > 3. RESULTS AND DISCUSSION,"1,3,4,5,6,7,8,9,11,12,13,14,15,16|1,3,4,5,6,7,8,9,11,12,14,15,16|3,4,5,6,7,8,9,10,11,12,15,16|1,3,4,5,6,7,8,9,11,12,14|1,2,3,4,9,12,14|2,10,13,14,15,16|5,6,8,10,11,16|2,13|1,2|13,15|10|7|13|2|10",14|13|12|11|7|6|6|2|2|2|1|1|1|1|1,0.2269|0.2054|0.1911|0.1734|0.1110|0.0950|0.0945|0.0318|0.0315|0.0313|0.0159|0.0159|0.0159|0.0156|0.0154,0.5389|0.5251|0.4205|0.4542|0.4965|0.4508|0.3759|0.4202|0.4629|0.3851|0.3180|0.3120|0.2849|0.4353|0.3129,15,29860,52046,text-embedding-3-small
41093949,5|26|6|11|2|25|3|9|12|10|4|13|1|19|23|21,In vitro comparison of the susceptibilities of the same drug resistance mutations to reverse-transcriptase inhibitors of subtype B and CRF01_AE HIV-1 strains > Materials and methods > Selection of RTI DRMs|Data availability|In vitro comparison of the susceptibilities of the same drug resistance mutations to reverse-transcriptase inhibitors of subtype B and CRF01_AE HIV-1 strains > Materials and methods > Construction of infectious clones containing resistance mutation sites|In vitro comparison of the susceptibilities of the same drug resistance mutations to reverse-transcriptase inhibitors of subtype B and CRF01_AE HIV-1 strains > Results > Screening of DRMs associated with RTIs|In vitro comparison of the susceptibilities of the same drug resistance mutations to reverse-transcriptase inhibitors of subtype B and CRF01_AE HIV-1 strains > Materials and methods > HIV-1 infectious cloning plasmid|Discussion|In vitro comparison of the susceptibilities of the same drug resistance mutations to reverse-transcriptase inhibitors of subtype B and CRF01_AE HIV-1 strains > Materials and methods > Reverse transcriptase inhibitors|In vitro comparison of the susceptibilities of the same drug resistance mutations to reverse-transcriptase inhibitors of subtype B and CRF01_AE HIV-1 strains > Materials and methods > Assessment of the phenotypic resistance of HIV-1 strains to RTIs|In vitro comparison of the susceptibilities of the same drug resistance mutations to reverse-transcriptase inhibitors of subtype B and CRF01_AE HIV-1 strains > Results > RTIs technical cut-off and fold change classifications|In vitro comparison of the susceptibilities of the same drug resistance mutations to reverse-transcriptase inhibitors of subtype B and CRF01_AE HIV-1 strains > Materials and methods > Statistical analysis|In vitro comparison of the susceptibilities of the same drug resistance mutations to reverse-transcriptase inhibitors of subtype B and CRF01_AE HIV-1 strains > Materials and methods > Cell culture|In vitro comparison of the susceptibilities of the same drug resistance mutations to reverse-transcriptase inhibitors of subtype B and CRF01_AE HIV-1 strains > Results > RTIs technical cut-off and fold change classifications|In vitro comparison of the susceptibilities of the same drug resistance mutations to reverse-transcriptase inhibitors of subtype B and CRF01_AE HIV-1 strains|In vitro comparison of the susceptibilities of the same drug resistance mutations to reverse-transcriptase inhibitors of subtype B and CRF01_AE HIV-1 strains > Results > Susceptibilities of strains with single NNRTI DRMs to NNRTIs|Discussion|Discussion,"1,3,4,5,6,7,8,9,10,11,12,14,15,16|1,3,4,5,6,7,8,9,10,11,12,15,16|3,4,5,6,7,8,9,10,11,12,16|3,4,5,6,7,8,10,11,12,14,16|1,3,4,5,6,8,9,11,12|1,2,13,14,15|7,15,16|2,10,13|2,13|2,15|1,9|13|14|2|13|14",14|13|11|11|9|5|3|3|2|2|2|1|1|1|1|1,0.2266|0.2100|0.1742|0.1717|0.1407|0.0794|0.0476|0.0466|0.0318|0.0315|0.0310|0.0164|0.0159|0.0159|0.0159|0.0154,0.5943|0.5726|0.5304|0.4865|0.5231|0.5547|0.5211|0.4929|0.4950|0.5410|0.4905|0.3516|0.4925|0.5024|0.3462|0.4297,16,25418,33057,text-embedding-3-small
41112839,6|5|7|11|10|21|24|1|13|3|12|2|18|22|17|26,"HIV-1 genetic diversity and pretreatment drug resistance survey prior to dolutegravir introduction in Senegal > Material and methodology > Sequence editing, quality control, and resistance mutation analysis|HIV-1 genetic diversity and pretreatment drug resistance survey prior to dolutegravir introduction in Senegal > Material and methodology > Genomic amplification and sequencing|HIV-1 genetic diversity and pretreatment drug resistance survey prior to dolutegravir introduction in Senegal > Material and methodology > Phylogenetic analysis|HIV-1 genetic diversity and pretreatment drug resistance survey prior to dolutegravir introduction in Senegal > Material and methodology > Statistical analysis|HIV-1 genetic diversity and pretreatment drug resistance survey prior to dolutegravir introduction in Senegal > Material and methodology > Phylogenetic analysis|HIV-1 genetic diversity and pretreatment drug resistance survey prior to dolutegravir introduction in Senegal > Discussion|HIV-1 genetic diversity and pretreatment drug resistance survey prior to dolutegravir introduction in Senegal > Discussion|HIV-1 genetic diversity and pretreatment drug resistance survey prior to dolutegravir introduction in Senegal > ABSTRACT|HIV-1 genetic diversity and pretreatment drug resistance survey prior to dolutegravir introduction in Senegal > Results > Genotyping results|HIV-1 genetic diversity and pretreatment drug resistance survey prior to dolutegravir introduction in Senegal > Material and methodology > Site selection and study population|HIV-1 genetic diversity and pretreatment drug resistance survey prior to dolutegravir introduction in Senegal > Results > Characteristics of patients and specimens|HIV-1 genetic diversity and pretreatment drug resistance survey prior to dolutegravir introduction in Senegal > ABSTRACT|HIV-1 genetic diversity and pretreatment drug resistance survey prior to dolutegravir introduction in Senegal > Discussion|HIV-1 genetic diversity and pretreatment drug resistance survey prior to dolutegravir introduction in Senegal > Discussion|HIV-1 genetic diversity and pretreatment drug resistance survey prior to dolutegravir introduction in Senegal > Discussion|HIV-1 genetic diversity and pretreatment drug resistance survey prior to dolutegravir introduction in Senegal > Declaration of competing interest","1,2,3,4,5,6,7,8,9,10,11,12,14,15,16|1,3,4,5,6,7,8,9,10,11,12,15,16|1,3,4,5,6,7,8,9,10,11,12,16|1,2,3,4,7,9,10,11,12,14,15,16|3,4,5,6,7,8,10,11,15,16|8,12,13,14|1,9,14|2,14|5,6|13|13|2|15|13|2|13",15|13|12|12|10|4|3|2|2|1|1|1|1|1|1|1,0.2392|0.2080|0.1944|0.1898|0.1568|0.0628|0.0469|0.0318|0.0308|0.0164|0.0161|0.0156|0.0156|0.0156|0.0154|0.0154,0.6001|0.6227|0.6402|0.6125|0.5212|0.5867|0.5926|0.5483|0.4566|0.4517|0.4099|0.4603|0.4731|0.3638|0.4577|0.3562,16,23053,31960,text-embedding-3-small
41129268,7|8|11|5|23|35|34|28|20|14|6|33|39|4|16|29|26|1|10|13,Abstract > Methods|Abstract > Methods|Abstract > Results|Abstract > Methods|Abstract > Discussion:|Abstract > Discussion:|Abstract > Discussion:|Abstract > Discussion:|Abstract > Discussion:|Abstract > Results|Abstract > Methods|Abstract > Discussion:|Abstract > Discussion:|Abstract > Methods|Abstract > Results|Abstract > Discussion:|Abstract > Discussion:|Abstract|Abstract > Methods|Abstract > Results,"1,2,3,4,5,6,7,9,10,11,12,14,15,16|1,2,3,4,5,6,7,9,10,11,12,14,15,16|3,4,5,6,7,8,9,10,11,12,16|1,5,6,7,8,9,10,11,12,14,16|1,8,12,13,14|10,15,16|3,4,7|2,5,6|8,11|2,14|1,2|3,4|13|8|13|15|13|9|13|15",14|14|11|11|5|3|3|3|2|2|2|2|1|1|1|1|1|1|1|1,0.2271|0.2241|0.1757|0.1739|0.0782|0.0479|0.0466|0.0464|0.0315|0.0315|0.0310|0.0308|0.0164|0.0159|0.0159|0.0159|0.0156|0.0154|0.0154|0.0154,0.5558|0.5653|0.5790|0.5391|0.5418|0.4707|0.4563|0.4791|0.3360|0.5393|0.4922|0.4545|0.4286|0.3248|0.4020|0.4863|0.3967|0.4531|0.3935|0.4660,20,33002,47864,text-embedding-3-small
41130593,4|5|21|8|26|9|31|27|15|6|20|29|11|28|3|22|25|12|23,"Resistance Analyses of Lenacapavir, Emtricitabine/Tenofovir Alafenamide and Emtricitabine/Tenofovir Disoproxil Fumarate in the PURPOSE 1 and 2 Studies > METHODS|Resistance Analyses of Lenacapavir, Emtricitabine/Tenofovir Alafenamide and Emtricitabine/Tenofovir Disoproxil Fumarate in the PURPOSE 1 and 2 Studies > METHODS|Resistance Analyses of Lenacapavir, Emtricitabine/Tenofovir Alafenamide and Emtricitabine/Tenofovir Disoproxil Fumarate in the PURPOSE 1 and 2 Studies > DISCUSSION|Resistance Analyses of Lenacapavir, Emtricitabine/Tenofovir Alafenamide and Emtricitabine/Tenofovir Disoproxil Fumarate in the PURPOSE 1 and 2 Studies > RESULTS > Purpose 1|Resistance Analyses of Lenacapavir, Emtricitabine/Tenofovir Alafenamide and Emtricitabine/Tenofovir Disoproxil Fumarate in the PURPOSE 1 and 2 Studies > DISCUSSION|Resistance Analyses of Lenacapavir, Emtricitabine/Tenofovir Alafenamide and Emtricitabine/Tenofovir Disoproxil Fumarate in the PURPOSE 1 and 2 Studies > RESULTS > Purpose 2|Resistance Analyses of Lenacapavir, Emtricitabine/Tenofovir Alafenamide and Emtricitabine/Tenofovir Disoproxil Fumarate in the PURPOSE 1 and 2 Studies > DISCUSSION|Resistance Analyses of Lenacapavir, Emtricitabine/Tenofovir Alafenamide and Emtricitabine/Tenofovir Disoproxil Fumarate in the PURPOSE 1 and 2 Studies > DISCUSSION|Resistance Analyses of Lenacapavir, Emtricitabine/Tenofovir Alafenamide and Emtricitabine/Tenofovir Disoproxil Fumarate in the PURPOSE 1 and 2 Studies > DISCUSSION|Resistance Analyses of Lenacapavir, Emtricitabine/Tenofovir Alafenamide and Emtricitabine/Tenofovir Disoproxil Fumarate in the PURPOSE 1 and 2 Studies > RESULTS > Purpose 1|Resistance Analyses of Lenacapavir, Emtricitabine/Tenofovir Alafenamide and Emtricitabine/Tenofovir Disoproxil Fumarate in the PURPOSE 1 and 2 Studies > DISCUSSION|Resistance Analyses of Lenacapavir, Emtricitabine/Tenofovir Alafenamide and Emtricitabine/Tenofovir Disoproxil Fumarate in the PURPOSE 1 and 2 Studies > DISCUSSION|Resistance Analyses of Lenacapavir, Emtricitabine/Tenofovir Alafenamide and Emtricitabine/Tenofovir Disoproxil Fumarate in the PURPOSE 1 and 2 Studies > RESULTS > Purpose 2|Resistance Analyses of Lenacapavir, Emtricitabine/Tenofovir Alafenamide and Emtricitabine/Tenofovir Disoproxil Fumarate in the PURPOSE 1 and 2 Studies > DISCUSSION|Resistance Analyses of Lenacapavir, Emtricitabine/Tenofovir Alafenamide and Emtricitabine/Tenofovir Disoproxil Fumarate in the PURPOSE 1 and 2 Studies > METHODS|Resistance Analyses of Lenacapavir, Emtricitabine/Tenofovir Alafenamide and Emtricitabine/Tenofovir Disoproxil Fumarate in the PURPOSE 1 and 2 Studies > DISCUSSION|Resistance Analyses of Lenacapavir, Emtricitabine/Tenofovir Alafenamide and Emtricitabine/Tenofovir Disoproxil Fumarate in the PURPOSE 1 and 2 Studies > DISCUSSION|Resistance Analyses of Lenacapavir, Emtricitabine/Tenofovir Alafenamide and Emtricitabine/Tenofovir Disoproxil Fumarate in the PURPOSE 1 and 2 Studies > RESULTS > Purpose 2|Resistance Analyses of Lenacapavir, Emtricitabine/Tenofovir Alafenamide and Emtricitabine/Tenofovir Disoproxil Fumarate in the PURPOSE 1 and 2 Studies > DISCUSSION","1,2,3,4,5,6,7,8,9,10,11,12,14,15,16|1,3,4,5,6,7,8,9,10,11,12,14,15,16|2,3,4,5,6,7,9,10,11,13,15,16|3,4,5,6,9|3,4,7,12|1,9,12,14|8,11,15,16|2,5,6|1,8,14|1,12,14|2,13|7,10|15,16|2,10|13|13|8|11|13",15|14|12|5|4|4|4|3|3|3|2|2|2|2|1|1|1|1|1,0.2417|0.2287|0.1895|0.0772|0.0635|0.0628|0.0628|0.0476|0.0469|0.0464|0.0323|0.0313|0.0310|0.0310|0.0159|0.0156|0.0156|0.0154|0.0154,0.5724|0.6008|0.5124|0.4923|0.5156|0.5463|0.4546|0.4611|0.5583|0.5448|0.4675|0.3379|0.4646|0.4454|0.4296|0.4224|0.3083|0.3241|0.4221,19,34889,37251,text-embedding-3-small
41140464,24|4|2|7|5|9|12|10|25|23|8|16|1|18|21|13,The Genetic Diversity and Drug Resistance Patterns of HIV-1 Pol Gene in East Africa > 6. Limitations|The Genetic Diversity and Drug Resistance Patterns of HIV-1 Pol Gene in East Africa > 3. Results|The Genetic Diversity and Drug Resistance Patterns of HIV-1 Pol Gene in East Africa > 2. Materials and Methods|The Genetic Diversity and Drug Resistance Patterns of HIV-1 Pol Gene in East Africa > 3. Results|The Genetic Diversity and Drug Resistance Patterns of HIV-1 Pol Gene in East Africa > 3. Results|The Genetic Diversity and Drug Resistance Patterns of HIV-1 Pol Gene in East Africa > 3. Results|The Genetic Diversity and Drug Resistance Patterns of HIV-1 Pol Gene in East Africa > 3. Results|The Genetic Diversity and Drug Resistance Patterns of HIV-1 Pol Gene in East Africa > 3. Results|The Genetic Diversity and Drug Resistance Patterns of HIV-1 Pol Gene in East Africa > 6. Limitations > Data Availability Statement|The Genetic Diversity and Drug Resistance Patterns of HIV-1 Pol Gene in East Africa > 5. Conclusion|The Genetic Diversity and Drug Resistance Patterns of HIV-1 Pol Gene in East Africa > 3. Results|The Genetic Diversity and Drug Resistance Patterns of HIV-1 Pol Gene in East Africa > 4. Discussion|The Genetic Diversity and Drug Resistance Patterns of HIV-1 Pol Gene in East Africa|The Genetic Diversity and Drug Resistance Patterns of HIV-1 Pol Gene in East Africa > 4. Discussion|The Genetic Diversity and Drug Resistance Patterns of HIV-1 Pol Gene in East Africa > 4. Discussion|The Genetic Diversity and Drug Resistance Patterns of HIV-1 Pol Gene in East Africa > 3. Results,"1,2,3,4,5,6,7,8,9,10,11,12,13,14,15,16|1,3,4,5,6,7,8,9,10,11,12,14,15,16|1,2,3,4,7,8,9,10,11,12,14,15,16|5,6,7,8,9,10,11,12,16|3,4,5,6,9,12|5,6,8,10,11|2,13,15|2,13,16|7,13|1,14|3,4|14|1|2|13|15",16|14|13|9|6|5|3|3|2|2|2|1|1|1|1|1,0.2581|0.2269|0.2061|0.1392|0.0935|0.0786|0.0484|0.0469|0.0318|0.0313|0.0312|0.0161|0.0156|0.0156|0.0156|0.0154,0.6446|0.6731|0.6146|0.5715|0.5829|0.4467|0.4613|0.4589|0.3664|0.5607|0.5555|0.5612|0.5173|0.4489|0.2922|0.4204,16,28216,30553,text-embedding-3-small
