PMID,QID,Question,Type,Category,Answer
40391923,1,Does the paper report HIV sequences from patient samples?,Boolean,Data availability,Yes
40391923,2,Does the paper report in vitro drug susceptibility data?,Boolean,Data availability,No
40391923,3,Were sequences from the paper made publicly available?,Boolean,Data availability,Yes
40391923,4,What were the GenBank accession numbers for sequenced HIV isolates?,List,Data availability,"PV008448-PV008641, PV407014-PV407203, and PV419497-PV419583"
40391923,5,How many individuals had samples obtained for HIV sequencing?,Number,Data availability,488
40391923,6,From which countries were the sequenced samples obtained?,List,Demographics,"Cameroon, Côte d'Ivoire, Malawi, Republic of Congo, Uganda, Zambia, and Zimbabwe"
40391923,7,From what years were the sequenced samples obtained?,List,Demographics,2022-2024
40391923,8,Were samples cloned prior to sequencing?,Boolean,Technical,No
40391923,9,Which HIV genes were reported to have been sequenced?,List,Technical,Integrase (IN) and protease/reverse transcriptase (PR/RT)
40391923,10,What method was used for sequencing?,List,Technical,Sanger sequencing
40391923,11,What type of samples were sequenced?,List,Technical,Plasma or dried blood spots (DBS)
40391923,12,Were any sequences obtained from individuals with virological failure on a treatment regimen?,Boolean,Treatment,Yes
40391923,13,Were the patients in the study in a clinical trial?,Boolean,Treatment,No
40391923,14,Does the paper report HIV sequences from individuals who had previously received ARV drugs?,Boolean,Treatment,Yes
40391923,15,Which drug classes were received by individuals in the study before sample sequencing?,List,Treatment,"NRTIs, specifically tenofovir/lamivudine/dolutegravir (TLD)"
40391923,16,Which drugs were received by individuals in the study before sample sequencing?,List,Treatment,"DTG, tenofovir, lamivudine, and dolutegravir"
40400229,1,Does the paper report HIV sequences from patient samples?,Boolean,Data availability,Yes
40400229,2,Does the paper report in vitro drug susceptibility data?,Boolean,Data availability,No
40400229,3,Were sequences from the paper made publicly available?,Boolean,Data availability,No
40400229,4,What were the GenBank accession numbers for sequenced HIV isolates?,List,Data availability,Not available
40400229,5,How many individuals had samples obtained for HIV sequencing?,Number,Data availability,54
40400229,6,From which countries were the sequenced samples obtained?,List,Demographics,Not available
40400229,7,From what years were the sequenced samples obtained?,List,Demographics,2017-2020
40400229,8,Were samples cloned prior to sequencing?,Boolean,Technical,Not available
40400229,9,Which HIV genes were reported to have been sequenced?,List,Technical,Not available
40400229,10,What method was used for sequencing?,List,Technical,Not available
40400229,11,What type of samples were sequenced?,List,Technical,Not available
40400229,12,Were any sequences obtained from individuals with virological failure on a treatment regimen?,Boolean,Treatment,Not available
40400229,13,Were the patients in the study in a clinical trial?,Boolean,Treatment,Yes
40400229,14,Does the paper report HIV sequences from individuals who had previously received ARV drugs?,Boolean,Treatment,Not available
40400229,15,Which drug classes were received by individuals in the study before sample sequencing?,List,Treatment,Not available
40400229,16,Which drugs were received by individuals in the study before sample sequencing?,List,Treatment,Not available
40431710,1,Does the paper report HIV sequences from patient samples?,Boolean,Data availability,Yes
40431710,2,Does the paper report in vitro drug susceptibility data?,Boolean,Data availability,No
40431710,3,Were sequences from the paper made publicly available?,Boolean,Data availability,No
40431710,4,What were the GenBank accession numbers for sequenced HIV isolates?,List,Data availability,Not available
40431710,5,How many individuals had samples obtained for HIV sequencing?,Number,Data availability,1
40431710,6,From which countries were the sequenced samples obtained?,List,Demographics,Not available
40431710,7,From what years were the sequenced samples obtained?,List,Demographics,1994-2024
40431710,8,Were samples cloned prior to sequencing?,Boolean,Technical,Not available
40431710,9,Which HIV genes were reported to have been sequenced?,List,Technical,HIV-1 protease and reverse transcriptase
40431710,10,What method was used for sequencing?,List,Technical,Next-generation sequencing
40431710,11,What type of samples were sequenced?,List,Technical,Proviral DNA and plasma
40431710,12,Were any sequences obtained from individuals with virological failure on a treatment regimen?,Boolean,Treatment,Yes
40431710,13,Were the patients in the study in a clinical trial?,Boolean,Treatment,Yes
40431710,14,Does the paper report HIV sequences from individuals who had previously received ARV drugs?,Boolean,Treatment,Yes
40431710,15,Which drug classes were received by individuals in the study before sample sequencing?,List,Treatment,"NRTIs, PIs, NNRTIs, INSTIs, and others"
40431710,16,Which drugs were received by individuals in the study before sample sequencing?,List,Treatment,"AZT, RTV, ddI, ABC, TDF, LPV/r, ETR, DRV/r, RAL, and others"
40431742,1,Does the paper report HIV sequences from patient samples?,Boolean,Data availability,Yes
40431742,2,Does the paper report in vitro drug susceptibility data?,Boolean,Data availability,Yes
40431742,3,Were sequences from the paper made publicly available?,Boolean,Data availability,No
40431742,4,What were the GenBank accession numbers for sequenced HIV isolates?,List,Data availability,Not available
40431742,5,How many individuals had samples obtained for HIV sequencing?,Number,Data availability,1677
40431742,6,From which countries were the sequenced samples obtained?,List,Demographics,Argentina
40431742,7,From what years were the sequenced samples obtained?,List,Demographics,2017-2021
40431742,8,Were samples cloned prior to sequencing?,Boolean,Technical,Not available
40431742,9,Which HIV genes were reported to have been sequenced?,List,Technical,Polymerase (pol) gene
40431742,10,What method was used for sequencing?,List,Technical,Not explicitly mentioned
40431742,11,What type of samples were sequenced?,List,Technical,Plasma
40431742,12,Were any sequences obtained from individuals with virological failure on a treatment regimen?,Boolean,Treatment,Not available
40431742,13,Were the patients in the study in a clinical trial?,Boolean,Treatment,No
40431742,14,Does the paper report HIV sequences from individuals who had previously received ARV drugs?,Boolean,Treatment,No
40431742,15,Which drug classes were received by individuals in the study before sample sequencing?,List,Treatment,Not available
40431742,16,Which drugs were received by individuals in the study before sample sequencing?,List,Treatment,Not available
40490983,1,Does the paper report HIV sequences from patient samples?,Boolean,Data availability,Yes
40490983,2,Does the paper report in vitro drug susceptibility data?,Boolean,Data availability,No
40490983,3,Were sequences from the paper made publicly available?,Boolean,Data availability,Unknown
40490983,4,What were the GenBank accession numbers for sequenced HIV isolates?,List,Data availability,Not reported
40490983,5,How many individuals had samples obtained for HIV sequencing?,Number,Data availability,187
40490983,6,From which countries were the sequenced samples obtained?,List,Demographics,Kenya
40490983,7,From what years were the sequenced samples obtained?,List,Demographics,2011-2021
40490983,8,Were samples cloned prior to sequencing?,Boolean,Technical,Unknown
40490983,9,Which HIV genes were reported to have been sequenced?,List,Technical,Protease and reverse transcriptase
40490983,10,What method was used for sequencing?,List,Technical,Sanger sequencing
40490983,11,What type of samples were sequenced?,List,Technical,Plasma HIV-1 RNA
40490983,12,Were any sequences obtained from individuals with virological failure on a treatment regimen?,Boolean,Treatment,Yes
40490983,13,Were the patients in the study in a clinical trial?,Boolean,Treatment,Unknown
40490983,14,Does the paper report HIV sequences from individuals who had previously received ARV drugs?,Boolean,Treatment,Unknown
40490983,15,Which drug classes were received by individuals in the study before sample sequencing?,List,Treatment,NNRTIs and PIs
40490983,16,Which drugs were received by individuals in the study before sample sequencing?,List,Treatment,"EFV, NVP, ATV/r, LPV/r"
40573423,1,Does the paper report HIV sequences from patient samples?,Boolean,Data availability,Yes
40573423,2,Does the paper report in vitro drug susceptibility data?,Boolean,Data availability,No
40573423,3,Were sequences from the paper made publicly available?,Boolean,Data availability,No
40573423,4,What were the GenBank accession numbers for sequenced HIV isolates?,List,Data availability,Not mentioned
40573423,5,How many individuals had samples obtained for HIV sequencing?,Number,Data availability,487
40573423,6,From which countries were the sequenced samples obtained?,List,Demographics,Primarily from Asia and the Americas
40573423,7,From what years were the sequenced samples obtained?,List,Demographics,2021-2024
40573423,8,Were samples cloned prior to sequencing?,Boolean,Technical,Not mentioned
40573423,9,Which HIV genes were reported to have been sequenced?,List,Technical,"env, gag, pol, protease, reverse transcriptase, and integrase"
40573423,10,What method was used for sequencing?,List,Technical,Sanger sequencing
40573423,11,What type of samples were sequenced?,List,Technical,Plasma or serum
40573423,12,Were any sequences obtained from individuals with virological failure on a treatment regimen?,Boolean,Treatment,Not mentioned
40573423,13,Were the patients in the study in a clinical trial?,Boolean,Treatment,Not mentioned
40573423,14,Does the paper report HIV sequences from individuals who had previously received ARV drugs?,Boolean,Treatment,No
40573423,15,Which drug classes were received by individuals in the study before sample sequencing?,List,Treatment,Not mentioned
40573423,16,Which drugs were received by individuals in the study before sample sequencing?,List,Treatment,Not mentioned
40596906,1,Does the paper report HIV sequences from patient samples?,Boolean,Data availability,Yes
40596906,2,Does the paper report in vitro drug susceptibility data?,Boolean,Data availability,No
40596906,3,Were sequences from the paper made publicly available?,Boolean,Data availability,Yes
40596906,4,What were the GenBank accession numbers for sequenced HIV isolates?,List,Data availability,PV526713-PV526742
40596906,5,How many individuals had samples obtained for HIV sequencing?,Number,Data availability,30 (15 mother-child pairs)
40596906,6,From which countries were the sequenced samples obtained?,List,Demographics,Brazil (inferred)
40596906,7,From what years were the sequenced samples obtained?,List,Demographics,Through 2023 (inferred)
40596906,8,Were samples cloned prior to sequencing?,Boolean,Technical,Unknown
40596906,9,Which HIV genes were reported to have been sequenced?,List,Technical,HIV pol region (protease/reverse transcriptase-PR/RT)
40596906,10,What method was used for sequencing?,List,Technical,ViroSeq Genotyping System
40596906,11,What type of samples were sequenced?,List,Technical,Clinical samples (inferred)
40596906,12,Were any sequences obtained from individuals with virological failure on a treatment regimen?,Boolean,Treatment,Yes
40596906,13,Were the patients in the study in a clinical trial?,Boolean,Treatment,Unknown
40596906,14,Does the paper report HIV sequences from individuals who had previously received ARV drugs?,Boolean,Treatment,Yes
40596906,15,Which drug classes were received by individuals in the study before sample sequencing?,List,Treatment,"NNRTIs (inferred), NRTIs (inferred)"
40596906,16,Which drugs were received by individuals in the study before sample sequencing?,List,Treatment,"Efavirenz, nevirapine, lamivudine, abacavir, didanosine"
40713598,1,Does the paper report HIV sequences from patient samples?,Boolean,Data availability,Yes
40713598,2,Does the paper report in vitro drug susceptibility data?,Boolean,Data availability,No
40713598,3,Were sequences from the paper made publicly available?,Boolean,Data availability,No
40713598,4,What were the GenBank accession numbers for sequenced HIV isolates?,List,Data availability,Not reported
40713598,5,How many individuals had samples obtained for HIV sequencing?,Number,Data availability,20
40713598,6,From which countries were the sequenced samples obtained?,List,Demographics,Ghana
40713598,7,From what years were the sequenced samples obtained?,List,Demographics,Not reported
40713598,8,Were samples cloned prior to sequencing?,Boolean,Technical,Not reported
40713598,9,Which HIV genes were reported to have been sequenced?,List,Technical,HIV-1 pol gene (PR and RT regions)
40713598,10,What method was used for sequencing?,List,Technical,Next-generation sequencing (NGS) on the Illumina MiSeq platform
40713598,11,What type of samples were sequenced?,List,Technical,Plasma samples
40713598,12,Were any sequences obtained from individuals with virological failure on a treatment regimen?,Boolean,Treatment,Yes
40713598,13,Were the patients in the study in a clinical trial?,Boolean,Treatment,Not reported
40713598,14,Does the paper report HIV sequences from individuals who had previously received ARV drugs?,Boolean,Treatment,Yes
40713598,15,Which drug classes were received by individuals in the study before sample sequencing?,List,Treatment,NRTIs
40713598,16,Which drugs were received by individuals in the study before sample sequencing?,List,Treatment,Lamivudine or emtricitabine
40763144,1,Does the paper report HIV sequences from patient samples?,Boolean,Data availability,No
40763144,2,Does the paper report in vitro drug susceptibility data?,Boolean,Data availability,No
40763144,3,Were sequences from the paper made publicly available?,Boolean,Data availability,No
40763144,4,What were the GenBank accession numbers for sequenced HIV isolates?,List,Data availability,Not available
40763144,5,How many individuals had samples obtained for HIV sequencing?,Number,Data availability,295
40763144,6,From which countries were the sequenced samples obtained?,List,Demographics,Uganda
40763144,7,From what years were the sequenced samples obtained?,List,Demographics,2021-2023
40763144,8,Were samples cloned prior to sequencing?,Boolean,Technical,Not available
40763144,9,Which HIV genes were reported to have been sequenced?,List,Technical,Not available
40763144,10,What method was used for sequencing?,List,Technical,Sanger sequencing or Next generation sequencing
40763144,11,What type of samples were sequenced?,List,Technical,Plasma or dried blood spot (DBS) samples
40763144,12,Were any sequences obtained from individuals with virological failure on a treatment regimen?,Boolean,Treatment,Yes
40763144,13,Were the patients in the study in a clinical trial?,Boolean,Treatment,No
40763144,14,Does the paper report HIV sequences from individuals who had previously received ARV drugs?,Boolean,Treatment,Yes
40763144,15,Which drug classes were received by individuals in the study before sample sequencing?,List,Treatment,"NNRTIs, NRTIs, PIs, and INSTIs"
40763144,16,Which drugs were received by individuals in the study before sample sequencing?,List,Treatment,"Etravirine, Darunavir, and Dolutegravir, among others"
40779404,1,Does the paper report HIV sequences from patient samples?,Boolean,Data availability,Yes
40779404,2,Does the paper report in vitro drug susceptibility data?,Boolean,Data availability,Yes
40779404,3,Were sequences from the paper made publicly available?,Boolean,Data availability,No
40779404,4,What were the GenBank accession numbers for sequenced HIV isolates?,List,Data availability,Not reported
40779404,5,How many individuals had samples obtained for HIV sequencing?,Number,Data availability,2028
40779404,6,From which countries were the sequenced samples obtained?,List,Demographics,Not reported
40779404,7,From what years were the sequenced samples obtained?,List,Demographics,Not reported
40779404,8,Were samples cloned prior to sequencing?,Boolean,Technical,Not reported
40779404,9,Which HIV genes were reported to have been sequenced?,List,Technical,"PR, RT, and IN"
40779404,10,What method was used for sequencing?,List,Technical,NGS
40779404,11,What type of samples were sequenced?,List,Technical,Whole blood
40779404,12,Were any sequences obtained from individuals with virological failure on a treatment regimen?,Boolean,Treatment,No
40779404,13,Were the patients in the study in a clinical trial?,Boolean,Treatment,Yes
40779404,14,Does the paper report HIV sequences from individuals who had previously received ARV drugs?,Boolean,Treatment,Yes
40779404,15,Which drug classes were received by individuals in the study before sample sequencing?,List,Treatment,"TFV, INSTIs, NNRTIs, and PIs"
40779404,16,Which drugs were received by individuals in the study before sample sequencing?,List,Treatment,"TFV, unspecified INSTIs, NNRTIs, and PIs"
40839365,1,Does the paper report HIV sequences from patient samples?,Boolean,Data availability,Yes
40839365,2,Does the paper report in vitro drug susceptibility data?,Boolean,Data availability,Yes
40839365,3,Were sequences from the paper made publicly available?,Boolean,Data availability,Unknown
40839365,4,What were the GenBank accession numbers for sequenced HIV isolates?,List,Data availability,Unknown
40839365,5,How many individuals had samples obtained for HIV sequencing?,Number,Data availability,212
40839365,6,From which countries were the sequenced samples obtained?,List,Demographics,Malawi
40839365,7,From what years were the sequenced samples obtained?,List,Demographics,2022-2023
40839365,8,Were samples cloned prior to sequencing?,Boolean,Technical,Unknown
40839365,9,Which HIV genes were reported to have been sequenced?,List,Technical,"Protease, reverse transcriptase, and integrase"
40839365,10,What method was used for sequencing?,List,Technical,3500XL Genetic Analyzers (Applied Biosystems)
40839365,11,What type of samples were sequenced?,List,Technical,Plasma
40839365,12,Were any sequences obtained from individuals with virological failure on a treatment regimen?,Boolean,Treatment,Yes
40839365,13,Were the patients in the study in a clinical trial?,Boolean,Treatment,Unknown
40839365,14,Does the paper report HIV sequences from individuals who had previously received ARV drugs?,Boolean,Treatment,Yes
40839365,15,Which drug classes were received by individuals in the study before sample sequencing?,List,Treatment,"Various classes, including NNRTIs, NRTIs, INSTIs, and PIs"
40839365,16,Which drugs were received by individuals in the study before sample sequencing?,List,Treatment,"Various drugs, including abacavir, emtricitabine, lamivudine, stavudine, tenofovir disoproxil fumarate, efavirenz, nevirapine, cabotegravir, and DTG"
40857111,1,Does the paper report HIV sequences from patient samples?,Boolean,Data availability,Yes
40857111,2,Does the paper report in vitro drug susceptibility data?,Boolean,Data availability,Yes
40857111,3,Were sequences from the paper made publicly available?,Boolean,Data availability,No
40857111,4,What were the GenBank accession numbers for sequenced HIV isolates?,List,Data availability,Not available
40857111,5,How many individuals had samples obtained for HIV sequencing?,Number,Data availability,Not available
40857111,6,From which countries were the sequenced samples obtained?,List,Demographics,Not available
40857111,7,From what years were the sequenced samples obtained?,List,Demographics,Not available
40857111,8,Were samples cloned prior to sequencing?,Boolean,Technical,Not available
40857111,9,Which HIV genes were reported to have been sequenced?,List,Technical,"PR, RT, and/or IN"
40857111,10,What method was used for sequencing?,List,Technical,Not available
40857111,11,What type of samples were sequenced?,List,Technical,Not available
40857111,12,Were any sequences obtained from individuals with virological failure on a treatment regimen?,Boolean,Treatment,Yes
40857111,13,Were the patients in the study in a clinical trial?,Boolean,Treatment,Yes
40857111,14,Does the paper report HIV sequences from individuals who had previously received ARV drugs?,Boolean,Treatment,Not available
40857111,15,Which drug classes were received by individuals in the study before sample sequencing?,List,Treatment,"INSTI, NRTI"
40857111,16,Which drugs were received by individuals in the study before sample sequencing?,List,Treatment,"DTG, F/TDF, B/F/TAF"
40872801,1,Does the paper report HIV sequences from patient samples?,Boolean,Data availability,Yes
40872801,2,Does the paper report in vitro drug susceptibility data?,Boolean,Data availability,No
40872801,3,Were sequences from the paper made publicly available?,Boolean,Data availability,No
40872801,4,What were the GenBank accession numbers for sequenced HIV isolates?,List,Data availability,Not available
40872801,5,How many individuals had samples obtained for HIV sequencing?,Number,Data availability,9685
40872801,6,From which countries were the sequenced samples obtained?,List,Demographics,Tanzania
40872801,7,From what years were the sequenced samples obtained?,List,Demographics,2004-2024
40872801,8,Were samples cloned prior to sequencing?,Boolean,Technical,Not available
40872801,9,Which HIV genes were reported to have been sequenced?,List,Technical,Not available
40872801,10,What method was used for sequencing?,List,Technical,Not available
40872801,11,What type of samples were sequenced?,List,Technical,HIV sequences from patient samples
40872801,12,Were any sequences obtained from individuals with virological failure on a treatment regimen?,Boolean,Treatment,Yes
40872801,13,Were the patients in the study in a clinical trial?,Boolean,Treatment,No
40872801,14,Does the paper report HIV sequences from individuals who had previously received ARV drugs?,Boolean,Treatment,Yes
40872801,15,Which drug classes were received by individuals in the study before sample sequencing?,List,Treatment,"NRTIs, NNRTIs, PIs, INSTIs"
40872801,16,Which drugs were received by individuals in the study before sample sequencing?,List,Treatment,Not available
40938120,1,Does the paper report HIV sequences from patient samples?,Boolean,Data availability,Yes
40938120,2,Does the paper report in vitro drug susceptibility data?,Boolean,Data availability,No
40938120,3,Were sequences from the paper made publicly available?,Boolean,Data availability,Yes
40938120,4,What were the GenBank accession numbers for sequenced HIV isolates?,List,Data availability,PX133190-PX134237
40938120,5,How many individuals had samples obtained for HIV sequencing?,Number,Data availability,"1,260"
40938120,6,From which countries were the sequenced samples obtained?,List,Demographics,China
40938120,7,From what years were the sequenced samples obtained?,List,Demographics,2019-2022
40938120,8,Were samples cloned prior to sequencing?,Boolean,Technical,No
40938120,9,Which HIV genes were reported to have been sequenced?,List,Technical,pol gene (protease and RT genes)
40938120,10,What method was used for sequencing?,List,Technical,Sanger sequencing
40938120,11,What type of samples were sequenced?,List,Technical,Plasma samples
40938120,12,Were any sequences obtained from individuals with virological failure on a treatment regimen?,Boolean,Treatment,No
40938120,13,Were the patients in the study in a clinical trial?,Boolean,Treatment,No
40938120,14,Does the paper report HIV sequences from individuals who had previously received ARV drugs?,Boolean,Treatment,No
40938120,15,Which drug classes were received by individuals in the study before sample sequencing?,List,Treatment,None
40938120,16,Which drugs were received by individuals in the study before sample sequencing?,List,Treatment,None
40938996,1,Does the paper report HIV sequences from patient samples?,Boolean,Data availability,No
40938996,2,Does the paper report in vitro drug susceptibility data?,Boolean,Data availability,Yes
40938996,3,Were sequences from the paper made publicly available?,Boolean,Data availability,No
40938996,4,What were the GenBank accession numbers for sequenced HIV isolates?,List,Data availability,Not available
40938996,5,How many individuals had samples obtained for HIV sequencing?,Number,Data availability,Not available
40938996,6,From which countries were the sequenced samples obtained?,List,Demographics,Not available
40938996,7,From what years were the sequenced samples obtained?,List,Demographics,Not available
40938996,8,Were samples cloned prior to sequencing?,Boolean,Technical,"Yes, in some cases"
40938996,9,Which HIV genes were reported to have been sequenced?,List,Technical,Gag-Pol and Env-Nef
40938996,10,What method was used for sequencing?,List,Technical,Illumina MiSeq
40938996,11,What type of samples were sequenced?,List,Technical,Viral DNA and RNA
40938996,12,Were any sequences obtained from individuals with virological failure on a treatment regimen?,Boolean,Treatment,Not available
40938996,13,Were the patients in the study in a clinical trial?,Boolean,Treatment,No
40938996,14,Does the paper report HIV sequences from individuals who had previously received ARV drugs?,Boolean,Treatment,Yes
40938996,15,Which drug classes were received by individuals in the study before sample sequencing?,List,Treatment,INSTIs
40938996,16,Which drugs were received by individuals in the study before sample sequencing?,List,Treatment,"DTG, CAB, and RAL"
40965168,1,Does the paper report HIV sequences from patient samples?,Boolean,Data availability,Yes
40965168,2,Does the paper report in vitro drug susceptibility data?,Boolean,Data availability,Yes
40965168,3,Were sequences from the paper made publicly available?,Boolean,Data availability,No
40965168,4,What were the GenBank accession numbers for sequenced HIV isolates?,List,Data availability,Not reported
40965168,5,How many individuals had samples obtained for HIV sequencing?,Number,Data availability,24
40965168,6,From which countries were the sequenced samples obtained?,List,Demographics,Not reported
40965168,7,From what years were the sequenced samples obtained?,List,Demographics,Not reported
40965168,8,Were samples cloned prior to sequencing?,Boolean,Technical,Yes
40965168,9,Which HIV genes were reported to have been sequenced?,List,Technical,gag and protease
40965168,10,What method was used for sequencing?,List,Technical,Not explicitly stated
40965168,11,What type of samples were sequenced?,List,Technical,Plasma samples
40965168,12,Were any sequences obtained from individuals with virological failure on a treatment regimen?,Boolean,Treatment,Not reported
40965168,13,Were the patients in the study in a clinical trial?,Boolean,Treatment,Likely yes
40965168,14,Does the paper report HIV sequences from individuals who had previously received ARV drugs?,Boolean,Treatment,Not reported
40965168,15,Which drug classes were received by individuals in the study before sample sequencing?,List,Treatment,Not reported
40965168,16,Which drugs were received by individuals in the study before sample sequencing?,List,Treatment,Not reported
40974886,1,Does the paper report HIV sequences from patient samples?,Boolean,Data availability,Yes
40974886,2,Does the paper report in vitro drug susceptibility data?,Boolean,Data availability,No
40974886,3,Were sequences from the paper made publicly available?,Boolean,Data availability,No
40974886,4,What were the GenBank accession numbers for sequenced HIV isolates?,List,Data availability,Not available
40974886,5,How many individuals had samples obtained for HIV sequencing?,Number,Data availability,241
40974886,6,From which countries were the sequenced samples obtained?,List,Demographics,Not available
40974886,7,From what years were the sequenced samples obtained?,List,Demographics,1997-2019
40974886,8,Were samples cloned prior to sequencing?,Boolean,Technical,Not available
40974886,9,Which HIV genes were reported to have been sequenced?,List,Technical,"Protease (PR), reverse transcriptase (RT), and integrase (IN)"
40974886,10,What method was used for sequencing?,List,Technical,"Retrospective proviral DNA genotyping using GenoSure Archive (Monogram Biosciences, CA, USA)"
40974886,11,What type of samples were sequenced?,List,Technical,Whole blood samples
40974886,12,Were any sequences obtained from individuals with virological failure on a treatment regimen?,Boolean,Treatment,No
40974886,13,Were the patients in the study in a clinical trial?,Boolean,Treatment,Yes
40974886,14,Does the paper report HIV sequences from individuals who had previously received ARV drugs?,Boolean,Treatment,Yes
40974886,15,Which drug classes were received by individuals in the study before sample sequencing?,List,Treatment,"NRTI, NNRTI, PI, and INSTI"
40974886,16,Which drugs were received by individuals in the study before sample sequencing?,List,Treatment,Not available
41004608,1,Does the paper report HIV sequences from patient samples?,Boolean,Data availability,Yes
41004608,2,Does the paper report in vitro drug susceptibility data?,Boolean,Data availability,No
41004608,3,Were sequences from the paper made publicly available?,Boolean,Data availability,Unknown
41004608,4,What were the GenBank accession numbers for sequenced HIV isolates?,List,Data availability,Not available
41004608,5,How many individuals had samples obtained for HIV sequencing?,Number,Data availability,1182
41004608,6,From which countries were the sequenced samples obtained?,List,Demographics,United Kingdom
41004608,7,From what years were the sequenced samples obtained?,List,Demographics,2015-2021
41004608,8,Were samples cloned prior to sequencing?,Boolean,Technical,Unknown
41004608,9,Which HIV genes were reported to have been sequenced?,List,Technical,Complete HIV genome
41004608,10,What method was used for sequencing?,List,Technical,Sequence capture method and Genomancer assembly
41004608,11,What type of samples were sequenced?,List,Technical,Recently acquired HIV-1 samples
41004608,12,Were any sequences obtained from individuals with virological failure on a treatment regimen?,Boolean,Treatment,Unknown
41004608,13,Were the patients in the study in a clinical trial?,Boolean,Treatment,Unknown
41004608,14,Does the paper report HIV sequences from individuals who had previously received ARV drugs?,Boolean,Treatment,No
41004608,15,Which drug classes were received by individuals in the study before sample sequencing?,List,Treatment,Unknown
41004608,16,Which drugs were received by individuals in the study before sample sequencing?,List,Treatment,Unknown
41012586,1,Does the paper report HIV sequences from patient samples?,Boolean,Data availability,No
41012586,2,Does the paper report in vitro drug susceptibility data?,Boolean,Data availability,No
41012586,3,Were sequences from the paper made publicly available?,Boolean,Data availability,No
41012586,4,What were the GenBank accession numbers for sequenced HIV isolates?,List,Data availability,Not available
41012586,5,How many individuals had samples obtained for HIV sequencing?,Number,Data availability,249
41012586,6,From which countries were the sequenced samples obtained?,List,Demographics,Not available
41012586,7,From what years were the sequenced samples obtained?,List,Demographics,2024 or earlier
41012586,8,Were samples cloned prior to sequencing?,Boolean,Technical,Not available
41012586,9,Which HIV genes were reported to have been sequenced?,List,Technical,Not available
41012586,10,What method was used for sequencing?,List,Technical,Not available
41012586,11,What type of samples were sequenced?,List,Technical,Not available
41012586,12,Were any sequences obtained from individuals with virological failure on a treatment regimen?,Boolean,Treatment,Yes
41012586,13,Were the patients in the study in a clinical trial?,Boolean,Treatment,Not available
41012586,14,Does the paper report HIV sequences from individuals who had previously received ARV drugs?,Boolean,Treatment,Yes
41012586,15,Which drug classes were received by individuals in the study before sample sequencing?,List,Treatment,INSTI and PI
41012586,16,Which drugs were received by individuals in the study before sample sequencing?,List,Treatment,DTG and DRV/b
41023944,1,Does the paper report HIV sequences from patient samples?,Boolean,Data availability,Yes
41023944,2,Does the paper report in vitro drug susceptibility data?,Boolean,Data availability,Yes
41023944,3,Were sequences from the paper made publicly available?,Boolean,Data availability,No
41023944,4,What were the GenBank accession numbers for sequenced HIV isolates?,List,Data availability,Not available
41023944,5,How many individuals had samples obtained for HIV sequencing?,Number,Data availability,28
41023944,6,From which countries were the sequenced samples obtained?,List,Demographics,Mozambique
41023944,7,From what years were the sequenced samples obtained?,List,Demographics,2023-2024
41023944,8,Were samples cloned prior to sequencing?,Boolean,Technical,No
41023944,9,Which HIV genes were reported to have been sequenced?,List,Technical,Integrase region
41023944,10,What method was used for sequencing?,List,Technical,Sanger method
41023944,11,What type of samples were sequenced?,List,Technical,Plasma samples
41023944,12,Were any sequences obtained from individuals with virological failure on a treatment regimen?,Boolean,Treatment,Yes
41023944,13,Were the patients in the study in a clinical trial?,Boolean,Treatment,Not available
41023944,14,Does the paper report HIV sequences from individuals who had previously received ARV drugs?,Boolean,Treatment,Yes
41023944,15,Which drug classes were received by individuals in the study before sample sequencing?,List,Treatment,NRTIs and/or NNRTIs
41023944,16,Which drugs were received by individuals in the study before sample sequencing?,List,Treatment,Not available
41029850,1,Does the paper report HIV sequences from patient samples?,Boolean,Data availability,Yes
41029850,2,Does the paper report in vitro drug susceptibility data?,Boolean,Data availability,No
41029850,3,Were sequences from the paper made publicly available?,Boolean,Data availability,No
41029850,4,What were the GenBank accession numbers for sequenced HIV isolates?,List,Data availability,"PQ893197, PQ893192, OQ985810, OR259747, PQ893191"
41029850,5,How many individuals had samples obtained for HIV sequencing?,Number,Data availability,203
41029850,6,From which countries were the sequenced samples obtained?,List,Demographics,Cameroon
41029850,7,From what years were the sequenced samples obtained?,List,Demographics,2023
41029850,8,Were samples cloned prior to sequencing?,Boolean,Technical,No
41029850,9,Which HIV genes were reported to have been sequenced?,List,Technical,pol gene (protease (PR) and reverse transcriptase (RT))
41029850,10,What method was used for sequencing?,List,Technical,Sanger sequencing
41029850,11,What type of samples were sequenced?,List,Technical,Plasma samples
41029850,12,Were any sequences obtained from individuals with virological failure on a treatment regimen?,Boolean,Treatment,Yes
41029850,13,Were the patients in the study in a clinical trial?,Boolean,Treatment,No
41029850,14,Does the paper report HIV sequences from individuals who had previously received ARV drugs?,Boolean,Treatment,Yes
41029850,15,Which drug classes were received by individuals in the study before sample sequencing?,List,Treatment,"NRTI, NNRTI, INSTI"
41029850,16,Which drugs were received by individuals in the study before sample sequencing?,List,Treatment,"TDF, 3TC, DTG, ABC, AZT"
41056006,1,Does the paper report HIV sequences from patient samples?,Boolean,Data availability,Yes
41056006,2,Does the paper report in vitro drug susceptibility data?,Boolean,Data availability,Yes
41056006,3,Were sequences from the paper made publicly available?,Boolean,Data availability,No
41056006,4,What were the GenBank accession numbers for sequenced HIV isolates?,List,Data availability,Not available
41056006,5,How many individuals had samples obtained for HIV sequencing?,Number,Data availability,Not explicitly stated
41056006,6,From which countries were the sequenced samples obtained?,List,Demographics,USA and Dominican Republic
41056006,7,From what years were the sequenced samples obtained?,List,Demographics,2019-2020
41056006,8,Were samples cloned prior to sequencing?,Boolean,Technical,Not available
41056006,9,Which HIV genes were reported to have been sequenced?,List,Technical,Not explicitly stated
41056006,10,What method was used for sequencing?,List,Technical,Not explicitly stated
41056006,11,What type of samples were sequenced?,List,Technical,Not available
41056006,12,Were any sequences obtained from individuals with virological failure on a treatment regimen?,Boolean,Treatment,Yes
41056006,13,Were the patients in the study in a clinical trial?,Boolean,Treatment,Yes
41056006,14,Does the paper report HIV sequences from individuals who had previously received ARV drugs?,Boolean,Treatment,No
41056006,15,Which drug classes were received by individuals in the study before sample sequencing?,List,Treatment,Integrase inhibitor (LEN) and nucleoside reverse transcriptase inhibitors (F/TAF)
41056006,16,Which drugs were received by individuals in the study before sample sequencing?,List,Treatment,"Lenacapavir (LEN), emtricitabine, and tenofovir alafenamide (F/TAF)"
41057785,1,Does the paper report HIV sequences from patient samples?,Boolean,Data availability,Yes
41057785,2,Does the paper report in vitro drug susceptibility data?,Boolean,Data availability,No
41057785,3,Were sequences from the paper made publicly available?,Boolean,Data availability,No
41057785,4,What were the GenBank accession numbers for sequenced HIV isolates?,List,Data availability,Not available
41057785,5,How many individuals had samples obtained for HIV sequencing?,Number,Data availability,Not available
41057785,6,From which countries were the sequenced samples obtained?,List,Demographics,Uganda
41057785,7,From what years were the sequenced samples obtained?,List,Demographics,2018-2023
41057785,8,Were samples cloned prior to sequencing?,Boolean,Technical,Not available
41057785,9,Which HIV genes were reported to have been sequenced?,List,Technical,Not available
41057785,10,What method was used for sequencing?,List,Technical,Not available
41057785,11,What type of samples were sequenced?,List,Technical,Not available
41057785,12,Were any sequences obtained from individuals with virological failure on a treatment regimen?,Boolean,Treatment,Yes
41057785,13,Were the patients in the study in a clinical trial?,Boolean,Treatment,Not available
41057785,14,Does the paper report HIV sequences from individuals who had previously received ARV drugs?,Boolean,Treatment,Yes
41057785,15,Which drug classes were received by individuals in the study before sample sequencing?,List,Treatment,NRTI
41057785,16,Which drugs were received by individuals in the study before sample sequencing?,List,Treatment,"AZT, TDF"
41088231,1,Does the paper report HIV sequences from patient samples?,Boolean,Data availability,Yes
41088231,2,Does the paper report in vitro drug susceptibility data?,Boolean,Data availability,No
41088231,3,Were sequences from the paper made publicly available?,Boolean,Data availability,Yes
41088231,4,What were the GenBank accession numbers for sequenced HIV isolates?,List,Data availability,PV187006
41088231,5,How many individuals had samples obtained for HIV sequencing?,Number,Data availability,1
41088231,6,From which countries were the sequenced samples obtained?,List,Demographics,China
41088231,7,From what years were the sequenced samples obtained?,List,Demographics,"2023, 2025"
41088231,8,Were samples cloned prior to sequencing?,Boolean,Technical,No
41088231,9,Which HIV genes were reported to have been sequenced?,List,Technical,Near full-length genome
41088231,10,What method was used for sequencing?,List,Technical,Sanger sequencing
41088231,11,What type of samples were sequenced?,List,Technical,Plasma and whole blood
41088231,12,Were any sequences obtained from individuals with virological failure on a treatment regimen?,Boolean,Treatment,No
41088231,13,Were the patients in the study in a clinical trial?,Boolean,Treatment,No
41088231,14,Does the paper report HIV sequences from individuals who had previously received ARV drugs?,Boolean,Treatment,No
41088231,15,Which drug classes were received by individuals in the study before sample sequencing?,List,Treatment,Not reported
41088231,16,Which drugs were received by individuals in the study before sample sequencing?,List,Treatment,Not reported
41091504,1,Does the paper report HIV sequences from patient samples?,Boolean,Data availability,Yes
41091504,2,Does the paper report in vitro drug susceptibility data?,Boolean,Data availability,Yes
41091504,3,Were sequences from the paper made publicly available?,Boolean,Data availability,No
41091504,4,What were the GenBank accession numbers for sequenced HIV isolates?,List,Data availability,Not available
41091504,5,How many individuals had samples obtained for HIV sequencing?,Number,Data availability,Not available
41091504,6,From which countries were the sequenced samples obtained?,List,Demographics,Not available
41091504,7,From what years were the sequenced samples obtained?,List,Demographics,Not available
41091504,8,Were samples cloned prior to sequencing?,Boolean,Technical,No
41091504,9,Which HIV genes were reported to have been sequenced?,List,Technical,HIV-1 protease
41091504,10,What method was used for sequencing?,List,Technical,Not available
41091504,11,What type of samples were sequenced?,List,Technical,Patient samples
41091504,12,Were any sequences obtained from individuals with virological failure on a treatment regimen?,Boolean,Treatment,Yes
41091504,13,Were the patients in the study in a clinical trial?,Boolean,Treatment,No
41091504,14,Does the paper report HIV sequences from individuals who had previously received ARV drugs?,Boolean,Treatment,Yes
41091504,15,Which drug classes were received by individuals in the study before sample sequencing?,List,Treatment,Protease inhibitors
41091504,16,Which drugs were received by individuals in the study before sample sequencing?,List,Treatment,Darunavir
41093949,1,Does the paper report HIV sequences from patient samples?,Boolean,Data availability,Yes
41093949,2,Does the paper report in vitro drug susceptibility data?,Boolean,Data availability,Yes
41093949,3,Were sequences from the paper made publicly available?,Boolean,Data availability,Yes
41093949,4,What were the GenBank accession numbers for sequenced HIV isolates?,List,Data availability,PQ735970-PQ735985
41093949,5,How many individuals had samples obtained for HIV sequencing?,Number,Data availability,Not specified
41093949,6,From which countries were the sequenced samples obtained?,List,Demographics,China and the United States
41093949,7,From what years were the sequenced samples obtained?,List,Demographics,1978-2023
41093949,8,Were samples cloned prior to sequencing?,Boolean,Technical,Yes
41093949,9,Which HIV genes were reported to have been sequenced?,List,Technical,Pol region
41093949,10,What method was used for sequencing?,List,Technical,Sanger sequencing
41093949,11,What type of samples were sequenced?,List,Technical,HIV-1 sequences
41093949,12,Were any sequences obtained from individuals with virological failure on a treatment regimen?,Boolean,Treatment,Not specified
41093949,13,Were the patients in the study in a clinical trial?,Boolean,Treatment,Not specified
41093949,14,Does the paper report HIV sequences from individuals who had previously received ARV drugs?,Boolean,Treatment,Not specified
41093949,15,Which drug classes were received by individuals in the study before sample sequencing?,List,Treatment,Reverse-transcriptase inhibitors (RTIs)
41093949,16,Which drugs were received by individuals in the study before sample sequencing?,List,Treatment,"zidovudine (AZT), lamivudine (3TC), tenofovir disoproxil fumarate (TDF), abacavir (ABC), emtricitabine (FTC), nevirapine (NVP), etravirine (ETR), and efavirenz (EFV)"
41112839,1,Does the paper report HIV sequences from patient samples?,Boolean,Data availability,Yes
41112839,2,Does the paper report in vitro drug susceptibility data?,Boolean,Data availability,No
41112839,3,Were sequences from the paper made publicly available?,Boolean,Data availability,Yes
41112839,4,What were the GenBank accession numbers for sequenced HIV isolates?,List,Data availability,PP280627 to PP280757
41112839,5,How many individuals had samples obtained for HIV sequencing?,Number,Data availability,237
41112839,6,From which countries were the sequenced samples obtained?,List,Demographics,Senegal
41112839,7,From what years were the sequenced samples obtained?,List,Demographics,2017-2018
41112839,8,Were samples cloned prior to sequencing?,Boolean,Technical,Unknown
41112839,9,Which HIV genes were reported to have been sequenced?,List,Technical,RT gene
41112839,10,What method was used for sequencing?,List,Technical,ANRS AC11 genotyping technique
41112839,11,What type of samples were sequenced?,List,Technical,Dried blood spots (DBS) and whole blood samples
41112839,12,Were any sequences obtained from individuals with virological failure on a treatment regimen?,Boolean,Treatment,Unknown
41112839,13,Were the patients in the study in a clinical trial?,Boolean,Treatment,Unknown
41112839,14,Does the paper report HIV sequences from individuals who had previously received ARV drugs?,Boolean,Treatment,No
41112839,15,Which drug classes were received by individuals in the study before sample sequencing?,List,Treatment,Unknown
41112839,16,Which drugs were received by individuals in the study before sample sequencing?,List,Treatment,Unknown
41129268,1,Does the paper report HIV sequences from patient samples?,Boolean,Data availability,Yes
41129268,2,Does the paper report in vitro drug susceptibility data?,Boolean,Data availability,Yes
41129268,3,Were sequences from the paper made publicly available?,Boolean,Data availability,Unknown
41129268,4,What were the GenBank accession numbers for sequenced HIV isolates?,List,Data availability,Unknown
41129268,5,How many individuals had samples obtained for HIV sequencing?,Number,Data availability,333
41129268,6,From which countries were the sequenced samples obtained?,List,Demographics,Uganda
41129268,7,From what years were the sequenced samples obtained?,List,Demographics,2021
41129268,8,Were samples cloned prior to sequencing?,Boolean,Technical,Unknown
41129268,9,Which HIV genes were reported to have been sequenced?,List,Technical,"Unknown, but likely genes associated with drug resistance"
41129268,10,What method was used for sequencing?,List,Technical,Sanger sequencing
41129268,11,What type of samples were sequenced?,List,Technical,Remnant viral load samples
41129268,12,Were any sequences obtained from individuals with virological failure on a treatment regimen?,Boolean,Treatment,Yes
41129268,13,Were the patients in the study in a clinical trial?,Boolean,Treatment,Unknown
41129268,14,Does the paper report HIV sequences from individuals who had previously received ARV drugs?,Boolean,Treatment,Yes
41129268,15,Which drug classes were received by individuals in the study before sample sequencing?,List,Treatment,"DTG, LPV, and other classes"
41129268,16,Which drugs were received by individuals in the study before sample sequencing?,List,Treatment,"DTG, LPV, ABC, AZT, TDF, and other drugs"
41130593,1,Does the paper report HIV sequences from patient samples?,Boolean,Data availability,Yes
41130593,2,Does the paper report in vitro drug susceptibility data?,Boolean,Data availability,No
41130593,3,Were sequences from the paper made publicly available?,Boolean,Data availability,No
41130593,4,What were the GenBank accession numbers for sequenced HIV isolates?,List,Data availability,Not available
41130593,5,How many individuals had samples obtained for HIV sequencing?,Number,Data availability,55
41130593,6,From which countries were the sequenced samples obtained?,List,Demographics,Not available
41130593,7,From what years were the sequenced samples obtained?,List,Demographics,Not available
41130593,8,Were samples cloned prior to sequencing?,Boolean,Technical,Not available
41130593,9,Which HIV genes were reported to have been sequenced?,List,Technical,"CA, PR, RT, and integrase"
41130593,10,What method was used for sequencing?,List,Technical,Next-generation sequencing (MiSeq; Illumina)
41130593,11,What type of samples were sequenced?,List,Technical,Plasma samples
41130593,12,Were any sequences obtained from individuals with virological failure on a treatment regimen?,Boolean,Treatment,Yes
41130593,13,Were the patients in the study in a clinical trial?,Boolean,Treatment,Yes
41130593,14,Does the paper report HIV sequences from individuals who had previously received ARV drugs?,Boolean,Treatment,Yes
41130593,15,Which drug classes were received by individuals in the study before sample sequencing?,List,Treatment,F/TAF and F/TDF
41130593,16,Which drugs were received by individuals in the study before sample sequencing?,List,Treatment,F/TAF and F/TDF
41140464,1,Does the paper report HIV sequences from patient samples?,Boolean,Data availability,Yes
41140464,2,Does the paper report in vitro drug susceptibility data?,Boolean,Data availability,No
41140464,3,Were sequences from the paper made publicly available?,Boolean,Data availability,Yes
41140464,4,What were the GenBank accession numbers for sequenced HIV isolates?,List,Data availability,Not mentioned
41140464,5,How many individuals had samples obtained for HIV sequencing?,Number,Data availability,"Not explicitly stated, but possibly 7724"
41140464,6,From which countries were the sequenced samples obtained?,List,Demographics,"Kenya, Uganda, Tanzania, and Ethiopia"
41140464,7,From what years were the sequenced samples obtained?,List,Demographics,2015-2025
41140464,8,Were samples cloned prior to sequencing?,Boolean,Technical,Not mentioned
41140464,9,Which HIV genes were reported to have been sequenced?,List,Technical,HIV-1 pol gene
41140464,10,What method was used for sequencing?,List,Technical,Not mentioned
41140464,11,What type of samples were sequenced?,List,Technical,Not mentioned
41140464,12,Were any sequences obtained from individuals with virological failure on a treatment regimen?,Boolean,Treatment,Yes
41140464,13,Were the patients in the study in a clinical trial?,Boolean,Treatment,Yes
41140464,14,Does the paper report HIV sequences from individuals who had previously received ARV drugs?,Boolean,Treatment,Yes
41140464,15,Which drug classes were received by individuals in the study before sample sequencing?,List,Treatment,NNRTIs and NRTIs
41140464,16,Which drugs were received by individuals in the study before sample sequencing?,List,Treatment,"Nevirapine (NVP), efavirenz (EFV), FTC, and 3TC"
